"#","Player","Pos","Team","1","2","3","4","5","6","7","8","9","10","11","12","13","14","15","16","17","18","AVG","TTL"
"1","Patrick Mahomes II","QB","KC","34.9","17.3","18.1","24.4","30.5","21.6","27.9","BYE","35.1","32.1","27.5","19.4","19.8","22.8","32.7","23.8","26","15","25.2","428.9"
"2","Josh Allen","QB","BUF","33.5","29.7","26.7","24.5","36.2","26.4","BYE","19.6","26.8","21.6","12.6","30.9","16.9","20.6","35.9","25","2.7","22.8","24.2","412.2"
"3","Jalen Hurts","QB","PHI","24.7","34","27.6","17","27.7","16.9","BYE","28.4","20","22.8","24.2","29.8","34.4","30.4","36.7","-","-","9.5","25.6","384"
"4","Joe Burrow","QB","CIN","22.2","16.6","23","20.1","18.3","32.5","39.2","14.5","19.1","BYE","28.7","18","30","17.6","25.8","25.5","6.3","11.6","21.7","369"
"5","Austin Ekeler","RB","WAS","9.2","13.9","9.3","31.9","33.9","19.3","30.7","-","20.6","9.8","17","19.5","10.7","20.4","14","21.9","30.1","7","18.8","319.2"
"6","Geno Smith","QB","LV","17.2","7.1","19.9","31.7","24","12.7","14.1","19.1","21.8","19.2","-","20.3","24","22.6","15.3","13.2","17.1","15.6","18.5","314.9"
"7","Christian McCaffrey","RB","SF","13.7","14.8","12.5","21.3","19.9","19.3","7.2","36.3","BYE","15.7","14.1","6.9","24.6","28.3","22.8","12.8","28.3","15.4","18.5","313.9"
"8","Justin Fields","QB","NYJ","14.6","9.8","6.9","10.2","17","19.4","24.4","26","42.7","40.4","23.6","-","21.3","-","23.6","9.9","17.2","-","20.5","307"
"9","Kirk Cousins","QB","ATL","19.1","11.8","18.3","13.9","23.2","16.5","-","23.5","17.4","17.5","2.2","22.9","11.8","25","34.4","24.2","10.9","13","18","305.6"
"10","Justin Jefferson","WR","MIN","34.9","7.8","2.9","26","24.3","13.7","BYE","12.8","22","30.3","4.8","24.8","15.1","27.8","24.3","25.3","2","5.8","17.9","304.7"
"11","Trevor Lawrence","QB","JAC","14.4","18.5","25.2","6.7","12.3","24.9","18.7","8.8","16.7","21","BYE","24.9","16.4","33.4","27.8","18.3","5.5","10.2","17.9","303.6"
"12","Josh Jacobs","RB","GB","7.8","8.6","12.2","32","27.8","-","35","6.4","10.2","19.6","17.5","45.3","20","18.4","12","5.5","17.5","6","17.8","301.8"
"13","Daniel Jones","QB","IND","17","13.1","14.7","21.6","12.4","13.5","28.8","9","-","18.3","26.6","14.5","17.1","19.4","9.9","21.8","36.2","-","18.4","294"
"14","Jared Goff","QB","DET","16.5","26","14.9","34.2","6.9","BYE","3.5","18.1","12.4","14.8","6.5","17.6","21.6","26.1","14.1","25.7","22.4","9.5","17.1","290.8"
"15","Justin Herbert","QB","LAC","23.3","24.5","13.6","21.1","14.4","9.4","18.6","BYE","13.1","13","20.2","28.8","18.1","19.5","10.7","6.5","16.7","18.8","17.1","290.3"
"16","Derrick Henry","RB","BAL","8.2","8.5","22.8","22.2","26.2","-","15.3","35.3","23.5","7.7","24.4","13.2","4.8","19","24.3","17.6","-","13.3","17.9","286.3"
"17","Davante Adams","WR","LAR","25.1","8.2","11.7","15","25.9","-","13.5","0.7","31.6","23.1","29.6","10.9","33.7","8.6","4.8","2.5","30.8","9.8","16.8","285.5"
"18","Tyreek Hill","WR","MIA","14","36.5","4.3","20.9","9.5","23.7","10.7","25.5","23.8","12.9","BYE","12","25.1","16.1","17.4","12.3","13.7","3.3","16.6","281.7"
"19","Tom Brady","QB","FA","11.4","9.4","14.7","25.4","19.7","13.7","11.7","17.1","15.2","17","-","18","18.1","12.1","18.6","13.3","37.7","7.4","16.5","280.7"
"20","Nick Chubb","RB","HOU","14.8","30.8","17.3","19.7","25.4","7.5","17.7","24.9","-","13.6","8.2","19.7","8","6.9","9.9","10.7","12.1","20.7","15.8","267.9"
"21","Stefon Diggs","WR","NE","22.2","38.8","10.9","8.2","20.2","25.8","-","19.8","11.8","18.8","12.8","17.7","18.7","5.2","8.2","3.6","3.6","19.9","15.7","266.2"
"22","Travis Kelce","TE","KC","22.1","7.6","15.9","19.7","30","15.2","12.8","BYE","15.6","17.1","32.5","13.7","5.6","9.1","15.5","14.3","7.8","6.8","15.4","261.3"
"23","A.J. Brown","WR","PHI","20.5","9.4","17","12","4.7","15.2","BYE","36.6","13.9","1.2","6.5","10.6","27.9","15","22.6","13.3","17.7","11.5","15","255.6"
"24","Saquon Barkley","RB","PHI","30.4","10.3","20.6","17.2","18.1","17","15.5","13.7","-","22.5","4.5","13.2","16.6","5.8","20.5","23.3","6.3","-","16","255.5"
"25","Aaron Rodgers","QB","PIT","4.7","16.4","17.1","17.1","16.9","11.8","15.8","16.2","16.6","19.4","19.1","11.5","13.7","-","11.9","14.3","16.6","12.2","14.8","251.2"
"26","CeeDee Lamb","WR","DAL","3.9","11.6","18.7","18.7","7.8","10.2","8.6","16.3","BYE","32.5","7","14.7","17.9","5.8","16.2","29","15.5","13.7","14.6","248.1"
"27","Lamar Jackson","QB","BAL","21.2","42.6","40.4","15.1","15.8","17.1","10.7","21.8","17.5","BYE","16.5","23.1","1.3","-","-","-","-","-","20.3","243.1"
"28","Tua Tagovailoa","QB","MIA","14.8","40.9","11.4","3.4","-","-","15.9","29.2","24.1","23.4","BYE","16","15.8","12.6","18.1","13.4","-","-","18.4","238.9"
"29","Russell Wilson","QB","NYG","17.8","12.1","9.1","27","11.2","13.8","-","14.8","BYE","15.2","10.7","8.5","9.7","26.6","-","11.3","24.6","24.1","15.8","236.3"
"30","Derek Carr","QB","FA","16.8","19","20.8","11.5","17.9","-","13.5","2.9","18.4","17.9","20.3","22.8","17","4.6","20.2","9.4","-","-","15.5","233.1"
"31","Tony Pollard","RB","TEN","3.2","17.8","10.5","1.3","14.6","6.2","11.9","33.2","-","20.3","33.9","7.1","23.6","20.2","12.6","11","-","1.9","14.3","229.3"
"32","Jaylen Waddle","WR","MIA","15.7","34.6","13.1","4.9","3.8","13.9","10.8","26.6","17","8.6","BYE","11","1.4","4.1","18.9","22.8","6.7","7.8","13","221.7"
"33","Jamaal Williams","RB","FA","15.5","6.5","23.7","23.4","5.6","-","6.8","21.1","10.1","11.9","24.4","10.6","9.5","3.7","3.3","2.4","22.2","19.2","12.9","219.9"
"34","Aaron Jones Sr.","RB","MIN","9.1","30.5","4.2","13","9","5.9","24.1","17.7","5.5","22.6","11","17.4","7.5","-","18.6","4.4","12.3","6.3","12.9","219.1"
"35","Dalvin Cook","RB","FA","12.3","5.6","13.6","9.6","25.1","14.8","-","22.6","12.6","22.1","7.2","7.6","15.3","8.1","25","9.2","5.4","2.2","12.8","218.3"
"36","Amon-Ra St. Brown","WR","DET","16.4","34.9","10.3","-","3.8","BYE","0.9","10.4","7.5","17.1","11.5","23.4","29.1","10.4","11.7","11.1","8.2","7.9","13.4","214.6"
"36","Rhamondre Stevenson","RB","NE","3.7","5.6","18.1","10.9","18.5","23.1","19.8","17.8","14.5","BYE","11.2","15.7","10.8","2","23.8","2.3","6.1","10.7","12.6","214.6"
"38","Dak Prescott","QB","DAL","5.5","-","-","-","-","-","12.3","26.4","BYE","21.2","20.6","16.8","17.8","15.7","22.2","29","16.4","9.7","17.8","213.6"
"39","Joe Mixon","RB","HOU","18","9.8","5.3","15.4","10.3","14.8","16.6","9.4","53.1","-","7.7","-","-","11.6","7.9","14.3","1.2","15.3","14","210.7"
"40","Amari Cooper","WR","FA","3.2","20.6","19.6","1.4","17.1","12.4","8.9","20.6","-","4.7","27.3","12.9","6","5.2","7.8","10.2","24","6.1","12.2","208"
"41","Kyler Murray","QB","ARI","20.6","26.9","13.4","23.9","17.2","15.9","17.2","26.6","19","-","-","26.2","BYE","0.7","-","-","-","-","18.9","207.5"
"42","DeVonta Smith","WR","PHI","0","11.5","26.9","3.2","13.7","12.9","BYE","4.8","3.2","10.9","10.8","7","18.7","14.9","15.1","27.3","16","10.2","12.2","207.1"
"43","Miles Sanders","RB","DAL","17.5","10.1","4.9","28.6","7.4","13.7","-","13.8","15.3","5.4","5.3","29.5","10.8","28","1.4","5.6","6.1","3.3","12.2","206.7"
"44","Marcus Mariota","QB","WAS","19.8","15.4","16.6","4.9","18","24.2","12.1","24.4","7.6","18.7","17.7","14.9","11.4","BYE","-","-","-","-","15.8","205.6"
"45","Najee Harris","RB","LAC","9.6","11.4","11.6","7.4","5.1","11.9","9.5","9","-","9.9","25.6","10.4","9.7","12","14.6","12.5","19.3","13.5","11.9","203"
"46","Christian Kirk","WR","HOU","14.7","22.8","16.2","7.3","1.6","8.8","13.6","5.5","17.6","27","-","6.1","13.4","7","12.2","4.1","3.1","18.9","11.8","199.9"
"47","Ja'Marr Chase","WR","CIN","23.9","8.3","9.7","10.1","8.5","28.7","29","-","-","BYE","-","-","13.2","23.5","15.5","9.9","0","18.6","15.3","198.9"
"48","Davis Mills","QB","HOU","15.5","7.2","11.8","15.8","5.8","BYE","19.1","9.9","14","15.8","11.8","-","-","6.2","18.9","10.9","9.4","24.5","13.1","196.5"
"49","Tyler Lockett","WR","TEN","4.3","15.2","12.1","10.1","24.9","2.7","8","12.8","15.2","11.7","-","14.3","23.3","14.5","10.3","-","2.5","13.4","12.2","195.3"
"50","Leonard Fournette","RB","FA","14.7","8.4","9.5","14.9","30.9","19.1","3.6","13.3","8.5","11.3","-","-","11.1","7.6","9.4","20.7","6.7","0.9","11.9","190.6"
"51","Terry McLaurin","WR","WAS","12.8","10.2","13.2","2.5","10.1","6.7","15.8","13.6","8.1","16.8","7.6","7.3","20.5","BYE","10","15.7","4.7","14.9","11.2","190.5"
"52","Kenneth Walker III","RB","SEA","-","2.5","4.8","2.9","14.8","18","28.7","11.7","26.4","10.2","BYE","16.4","3.6","-","9.9","11.5","14.7","12.9","12.6","189"
"53","Brandon Aiyuk","WR","SF","5.7","8.8","11.4","5.7","7.3","24.3","11.7","17.1","BYE","9.4","15","9","7.1","12.7","2.9","10.6","22.2","7.9","11.1","188.8"
"54","Travis Etienne Jr.","RB","JAC","7.5","6.8","9","3.2","12.9","11.8","18.4","23.7","25.6","8.8","BYE","0.3","6.1","3.2","11.7","12.7","21.5","4.4","11","187.6"
"55","Mike Evans","WR","TB","15.6","7.6","-","26.3","10.1","6.2","14.1","15.3","6.5","7.9","BYE","4.1","7.9","6.4","10.8","4.4","43.7","-","12.5","186.9"
"56","New England Patriots","DST","NE","4","8","4","11","22","13","5","9","26","BYE","17","2","4","20","11","14","12","4","10.9","186"
"57","Tee Higgins","WR","CIN","3.7","16.1","11.8","21.9","-","7.7","11.8","12.4","9.5","BYE","19.3","20.9","11","-","13.8","22.8","1.8","1.2","12.4","185.7"
"58","Andy Dalton","QB","CAR","-","-","-","13.7","10.9","10.5","29.5","17.2","11.9","9.1","22.2","10.3","13.3","-","14.1","2.6","7","11","13.1","183.2"
"59","Alvin Kamara","RB","NO","6.1","-","6.3","-","20.4","15.4","14","38.3","7.7","6","10.9","4","4.7","BYE","11.4","18","8.5","11.5","12.2","183.2"
"60","DK Metcalf","WR","PIT","5.1","5.5","14.9","18.4","15.3","4.4","1.7","14.5","12.2","10.1","-","14.5","22.7","15.6","9","11.6","0.8","5.5","10.7","181.8"
"61","Mac Jones","QB","SF","9.5","13.7","18.9","-","-","-","1.9","12.7","9.7","-","10.1","23.3","12.5","8.3","7.5","17.5","16.3","19.2","12.9","181.1"
"62","Ezekiel Elliott","RB","FA","5.4","5.4","14","9.1","7.8","15.1","17.7","-","-","-","17.2","16","16.6","15.6","14.1","12.6","9.7","1","11.8","177.3"
"63","James Conner","RB","ARI","14","6.1","7.2","9.2","6.8","-","-","-","8.9","22.1","12.4","19.5","BYE","20.4","16.6","21.5","12.5","-","13.6","177.2"
"64","Jacoby Brissett","QB","ARI","10.9","16.5","17.9","16","15.4","10.6","10.1","20.3","-","16.5","25.9","14.1","BYE","0","0.3","-","0.2","-","12.5","174.6"
"65","Garrett Wilson","WR","NYJ","7.2","26","9","5.1","4.2","1.3","4.4","14.5","13.9","BYE","2.2","23.9","20.2","10.8","11.8","3","3.3","13.4","10.2","174.2"
"66","T.J. Hockenson","TE","MIN","5.8","4.1","9.3","35.9","1.1","-","6.8","9.5","11.5","8","5.9","12.8","5.3","8.7","6.8","29.4","9.4","2.1","10.1","172.4"
"67","Chris Godwin","WR","TB","5","-","-","9.4","9.3","12.5","8","10.5","7.2","16.1","BYE","23","10.3","7.9","18.3","10.3","16.5","6.5","11.4","170.8"
"68","Jerry Jeudy","WR","CLE","18.2","1.7","2.7","13.3","6.8","6.9","13.1","15.3","BYE","0","-","-","8.5","29.3","11.1","14.7","7.3","21.8","11.4","170.7"
"69","George Kittle","TE","SF","-","-","4.8","3.4","5.2","12.3","18.8","11.4","BYE","2.6","22.4","4.1","3.2","4.8","23.3","27","10.3","16.9","11.4","170.5"
"70","Dallas Cowboys","DST","DAL","5","7","10","10","23","4","22","11","BYE","5","16","4","20","4","6","7","10","6","10","170"
"71","Jimmy Garoppolo","QB","LAR","-","16.7","9.4","13.9","18","18.9","17.3","17.7","-","15.9","25.4","13.3","2.2","-","-","-","-","-","15.3","168.8"
"72","Jerick McKinnon","RB","FA","6.4","8.6","2","0.5","8.2","4.5","5.8","-","7.4","8.8","0.9","4.1","13","28.9","30.2","11.3","20.1","7.6","9.9","168.3"
"73","Matt Ryan","QB","FA","16.3","4.8","15.3","18.8","8.1","27.2","11.9","-","-","22.7","8.6","11.2","12.1","-","11.3","-","-","-","14","168.3"
"74","DJ Moore","WR","CHI","6.5","11.8","2","9.1","8.7","2.2","16.1","24.5","3.4","4.9","3.9","18.3","-","0.6","15.8","17.6","20.7","1.5","9.9","167.6"
"75","Ryan Tannehill","QB","FA","19.3","2.9","19.8","14.4","11.5","-","3.9","-","-","19.4","20","12.5","13","18.8","11.7","-","-","-","13.9","167.2"
"76","D'Andre Swift","RB","CHI","25","15.7","6.1","-","-","-","-","11.8","6.5","7.7","10.7","8.3","19.1","5.4","10","3","25.7","12.1","11.9","167.1"
"77","Michael Pittman Jr.","WR","IND","22.6","-","11.2","4.6","8.4","19.9","6.8","8.8","3.7","8.8","10.5","15.6","2.6","BYE","14","5.9","13.1","10.5","10.4","167"
"78","Justin Tucker","K","FA","6","10","9","11","16","8","13","9","10","-","7","15","4","11","5","9","9","12","9.6","164"
"79","Cooper Kupp","WR","SEA","25.3","26.3","14.4","19.2","22.4","13.2","-","18.9","22.8","1.4","BYE","-","-","-","-","-","-","-","18.2","163.9"
"80","San Francisco 49ers","DST","SF","5","15","8","21","15","1","1","3","BYE","6","11","15","18","10","9","7","3","15","9.6","163"
"81","Chris Olave","WR","NO","7.6","8.5","19.2","14.7","13.4","-","14.1","7.7","10.1","5.5","18.7","8.7","8.5","BYE","6.8","-","6.2","12.5","10.8","162.2"
"82","Daniel Carlson","K","LV","9","13","10","14","16","BYE","10","0","8","2","14","10","11","12","7","5","12","9","9.5","162"
"83","Brett Maher","K","FA","5","12","12","16","11","5","6","7","-","4","22","4","6","11","12","18","10","0","9.5","161"
"84","David Montgomery","RB","DET","6.5","14.6","1.1","-","16.2","8.5","12.2","7","4.9","4.9","19.6","12.8","14.7","-","22.6","8.4","4.6","2.1","10","160.7"
"85","Devin Singletary","RB","NYG","7.2","3.1","19.6","9.6","5.1","12.7","-","8.8","6.8","15.2","16.7","8.5","11.1","4.8","8.5","19.5","0.3","1.7","9.4","159.2"
"86","Jason Myers","K","SEA","6","1","11","14","10","13","16","11","8","6","BYE","10","10","6","9","4","11","13","9.4","159"
"87","Kenny Pickett","QB","CLE","-","-","-","15.3","13.1","8.3","13.3","8.3","BYE","19.1","16","12.2","13.3","1.6","-","13.7","10.9","13.9","12.2","158.9"
"88","Zay Jones","WR","ARI","9.5","3.8","19.5","-","2.7","6.7","8.8","5","6.5","10.8","-","22","2.6","17.7","31.9","1.6","3.9","4.1","9.8","157.1"
"89","Philadelphia Eagles","DST","PHI","5","12","18","15","4","7","BYE","14","8","7","7","6","10","9","9","10","10","3","9.1","154"
"90","Mark Andrews","TE","BAL","7.7","21.2","24.9","2.5","18.9","20.1","0.4","4.8","-","BYE","9.3","9","7.4","2.7","4.6","6","14.5","-","10.3","154"
"91","A.J. Dillon","RB","PHI","17.6","7.2","4.8","8.9","3.4","7.2","1.5","6.8","5.4","6.5","2.8","16.3","19.4","-","20.6","11.8","10.1","3.3","9","153.6"
"92","Raheem Mostert","RB","LV","3.7","9.4","1.1","9.1","18.7","5.3","18.9","7.2","8.6","16.7","-","-","3","4.9","16.1","3.9","19.1","7.1","9.6","152.8"
"93","Younghoe Koo","K","ATL","19","5","12","12","1","4","6","14","5","3","12","9","14","BYE","4","9","8","15","8.9","152"
"93","Buffalo Bills","DST","BUF","17","20","4","7","14","8","BYE","5","5","8","5","8","5","12","1","10","4","19","8.9","152"
"95","Tyler Allgeier","RB","ATL","-","3","3.5","10.9","4.5","5.1","11","16","12.8","1.8","6.9","5.4","5.2","BYE","22.1","13.7","16","13.5","9.5","151.4"
"96","Dameon Pierce","RB","HOU","4.4","8.2","17.1","22.9","18.8","BYE","13.7","12.6","13.9","11.2","2.7","3.1","11","11.8","-","-","-","-","11.6","151.4"
"97","Gabe Davis","WR","FA","16.8","-","5.2","1.8","30.6","14.9","-","4.5","4.3","18.3","9.3","5.8","8.5","4.6","7.6","10","-","5.4","9.8","147.6"
"98","Jeff Wilson Jr.","RB","FA","4","11.3","10.1","13.4","19.7","0.5","5.4","4.5","14.7","21.3","-","11.7","0.3","2.6","-","10.5","9.1","8.4","9.2","147.5"
"99","Jakobi Meyers","WR","LV","8.2","14","-","-","20.6","8","10.4","16.5","4.9","-","7.2","7.7","3.7","-","3.7","17.3","13.9","10.7","10.5","146.8"
"100","JuJu Smith-Schuster","WR","KC","8.9","2.5","11.4","7.1","4.8","19.8","21.9","BYE","13.8","4.3","-","5.3","5","17.9","11.8","4.2","3.1","4.5","9.1","146.3"
"101","Tyler Boyd","WR","FA","11.3","4.7","18.5","6.6","4.7","9.6","25.5","11.3","6.9","-","5.2","2.6","8","0","12","3.6","7.9","7.6","8.6","146"
"101","Tyler Bass","K","BUF","8","12","5","11","8","6","BYE","10","7","13","23","10","7","9","6","3","3","5","8.6","146"
"101","Nick Folk","K","NYJ","1","5","10","6","18","8","2","21","17","BYE","4","15","4","11","13","0","6","5","8.6","146"
"101","Eddy Pineiro","K","FA","6","10","12","6","10","5","3","9","3","16","3","12","-","13","12","14","7","5","8.6","146"
"105","Adam Thielen","WR","CAR","5.1","7.2","15.1","11.2","4.7","13.6","-","9.7","8.2","7.4","3.5","16.6","3.7","16","11.6","1.1","2.1","8.2","8.5","145"
"105","Graham Gano","K","NYG","1","17","15","10","10","6","11","8","BYE","7","0","11","9","2","12","14","8","4","8.5","145"
"107","Mike Williams","WR","FA","2","21.3","8","15.5","18.4","2.7","18.1","-","-","-","2","-","-","20.6","8.7","9.6","12.9","5.2","11.2","145"
"108","Allen Lazard","WR","NYJ","-","8.3","12.5","14.6","11.5","15.6","8.5","-","16.7","6","8.2","3.4","9.2","-","1.2","8.6","8.4","12.1","9.7","144.8"
"109","Curtis Samuel","WR","BUF","15.2","19.4","9.6","5.8","9.2","1.6","10.4","9.4","15.6","5","9.3","1.3","11.6","-","6","13.9","1.1","-0.1","8.5","144.3"
"110","Cordarrelle Patterson","RB","FA","21.1","4.1","21.8","9.8","-","-","-","-","17.8","2.5","10.9","8.6","6","-","11.7","3.6","17.4","8.9","11.1","144.2"
"111","Christian Watson","WR","GB","5.1","2.4","-","8.8","0.3","-","-","1.7","3.4","30.7","19.1","19","22.9","BYE","6.6","7.9","1.6","14.1","10.3","143.6"
"112","Antonio Gibson","RB","NE","16.5","11.1","10.5","7.8","5.4","6.8","15.2","17.2","5.7","13.3","11.8","6.9","6.9","-","3.7","4.1","-","-","9.5","142.9"
"113","Drake London","WR","ATL","9.9","20.6","12.9","2.7","5.5","5.5","1.4","5.1","1.8","12.3","6.7","3.9","12.5","BYE","8.5","11.1","7.2","15","8.4","142.6"
"114","Robbie Gould","K","FA","4","9","6","6","7","2","14","7","-","10","8","8","18","5","3","13","14","8","8.4","142"
"115","Taysom Hill","TE","NO","14.8","1.4","-","8.1","34.1","4.5","9.6","7.8","1.1","0.1","7.1","2.5","12.3","BYE","10.2","11.6","13.1","3","8.8","141.3"
"116","Latavius Murray","RB","FA","-","0","-","13","-","6.9","9.3","12.4","-","6.2","15.2","10.3","8.1","4.6","20.7","6.5","9.2","18.3","10.1","140.7"
"117","George Pickens","WR","DAL","0.8","2.8","5.4","13.2","11.3","4.3","15.1","0","BYE","13","16.3","9.2","0.7","9.3","6.3","14.2","3.9","14.7","8.3","140.5"
"118","Evan Engram","TE","DEN","4.8","8.1","3.4","2.1","9.9","6.5","8.7","13.5","1.3","2.9","-","0.9","11.5","33.7","10.2","14.8","3.4","4.7","8.3","140.4"
"118","Deebo Samuel Sr.","WR","WAS","11.6","12.2","10.4","20.7","10.2","12.5","6.9","-","-","6.1","18.9","5.8","9.3","12.4","-","-","-","3.4","10.8","140.4"
"120","Riley Patterson","K","FA","12","8","12","3","7","3","3","5","11","5","-","8","7","13","11","15","9","8","8.2","140"
"121","Jacksonville Jaguars","DST","JAC","6","21","9","9","5","-1","1","5","5","6","BYE","5","-2","12","12","14","17","15","8.2","139"
"121","Greg Zuerlein","K","FA","4","9","18","6","8","9","12","5","10","-","4","9","19","4","5","3","8","6","8.2","139"
"123","Chase McLaughlin","K","TB","-","0","11","5","17","9","6","11","4","9","12","7","9","-","21","4","4","9","8.6","138"
"124","Diontae Johnson","WR","CLE","9","10.7","12.4","3.2","8.5","6.1","7","6","BYE","8.3","4.2","7.4","8.5","11.2","15","8.9","4.5","6.8","8.1","137.7"
"125","Donovan Peoples-Jones","WR","NO","9","0","1.5","9.6","7","9.6","8.1","10.1","-","12.4","14.6","2.6","11.9","15.4","11.1","0.7","7.8","5.2","8","136.6"
"126","Brandon McManus","K","GB","11","12","5","5","11","13","4","3","-","4","14","4","14","4","8","9","7","7","7.9","135"
"126","Jason Sanders","K","MIA","10","6","3","10","6","5","12","8","5","9","BYE","13","6","7","12","9","3","11","7.9","135"
"128","Cam Akers","RB","NO","0","7.2","10.1","1.3","3.3","-","-","-","0.3","2.2","6.1","3.7","18.5","8.8","11.5","33.7","13.8","14.3","9","134.8"
"129","Baltimore Ravens","DST","BAL","11","7","11","5","6","6","12","5","10","BYE","17","5","6","11","7","8","3","4","7.9","134"
"130","Joshua Palmer","WR","BUF","2.4","11","12.9","3","3.9","10.2","BYE","-","14.6","5.9","26.6","8.1","9.5","7.3","7.4","2.6","0","7.9","8.3","133.3"
"131","Ryan Succop","K","FA","15","10","8","8","8","14","3","10","12","3","-","6","5","1","5","15","4","6","7.8","133"
"131","Greg Joseph","K","SF","13","1","4","18","3","4","-","4","8","9","3","9","12","6","8","12","5","14","7.8","133"
"131","Matt Gay","K","WAS","6","7","9","9","4","6","-","2","7","5","10","5","14","7","8","19","4","11","7.8","133"
"134","Jonathan Taylor","RB","IND","25.5","6.8","10.6","2.8","-","-","12","5.6","-","23.3","14.9","17.3","11.8","BYE","1.8","-","-","0","11","132.4"
"135","Evan McPherson","K","CIN","8","13","10","11","6","8","5","1","6","BYE","17","9","10","5","9","4","1","9","7.8","132"
"135","Ka'imi Fairbairn","K","HOU","10","11","8","7","11","BYE","10","5","5","11","4","3","7","16","6","7","5","6","7.8","132"
"137","Keenan Allen","WR","FA","8.6","-","-","-","-","-","2.1","-","-","-","9.9","13.4","17.8","15.2","12.6","15.9","9.3","26.2","13.1","131"
"138","Baker Mayfield","QB","TB","19","13.3","10.7","7.9","7.6","-","-","-","14.2","-","7","-","-","14.2","7.5","17.4","4.1","6.5","10.8","129.4"
"139","Isiah Pacheco","RB","KC","12.2","0.6","0.9","6.3","0","2.8","4.3","BYE","1.4","6.2","10.7","15.1","15.2","10.8","8.2","9.5","11.9","12.4","7.6","128.5"
"139","D'Onta Foreman","RB","FA","0.5","0.9","0","0.2","0.2","1.9","15.5","31.8","3.1","19","2.4","11.3","-","8","0.9","22.5","3.5","6.8","7.6","128.5"
"141","Courtland Sutton","WR","DEN","9.2","16.2","13.7","13.7","9.9","2.4","3.8","1.8","BYE","9.6","10.5","10.5","0","-","-","8.9","6.4","10.8","8.5","127.4"
"142","Mack Hollins","WR","NE","2.1","9.1","26","4.8","0","-","11.4","9.9","2.7","2.8","8.2","14.3","6","7.2","12","1.2","5.5","2.5","7.4","125.7"
"143","K.J. Osborn","WR","WAS","2.9","3.5","15.8","1","6.6","3.3","-","7.8","0","5.7","2.7","1.8","2.7","12.3","26.7","3.2","15.4","14.2","7.4","125.6"
"144","Samaje Perine","RB","CIN","5.2","1.5","13.1","0","7.6","2.6","1.8","3.2","5.9","BYE","28.2","17.3","18.5","8.9","2.9","3.7","-","2.7","7.7","123.1"
"145","Marquise Brown","WR","KC","12.3","9.8","21","17.8","17.8","9.3","-","BYE","-","-","-","7.6","-","5.4","3.9","7.3","9.1","1.2","10.2","122.5"
"146","Cole Kmet","TE","CHI","0","0","5","3.1","6.5","2","4.2","8.1","19.5","21.4","5","4.2","10.2","BYE","4.5","5.2","9.7","13.7","7.2","122.3"
"147","Jake Elliott","K","PHI","8","6","6","5","-","10","BYE","5","3","3","5","12","5","12","5","11","6","20","7.6","122"
"148","Taylor Heinicke","QB","LAC","-","-","-","-","-","-","15.4","23.1","14.7","6.4","7.8","12.4","17.6","-","13.3","11.2","-","-","13.6","122"
"149","Carson Wentz","QB","FA","29.7","28.8","8.6","9.3","22.9","4.2","-","-","-","-","-","-","-","-","-","8.9","9.4","-","15.2","121.8"
"150","Kansas City Chiefs","DST","KC","3","10","8","4","1","3","13","BYE","4","6","9","11","1","15","3","8","8","14","7.1","121"
"150","Cade York","K","FA","16","6","5","9","4","12","9","8","-","5","5","7","11","4","8","4","6","2","7.1","121"
"152","Washington Commanders","DST","WAS","4","2","5","3","5","13","3","7","5","15","19","7","7","BYE","1","1","5","18","7.1","120"
"152","Mason Crosby","K","FA","1","10","2","9","10","4","3","5","3","7","3","9","8","-","6","15","13","12","7.1","120"
"154","DeAndre Hopkins","WR","BAL","-","-","-","-","-","-","15.3","27.9","11.6","14.8","13.6","16.7","-","9.4","9.5","0.9","-","-","13.3","119.7"
"155","Carolina Panthers","DST","CAR","1","4","16","9","5","9","8","5","-2","10","9","11","BYE","7","1","4","6","15","6.9","118"
"155","New York Jets","DST","NYJ","4","2","4","12","9","20","7","8","10","BYE","10","8","2","8","1","4","4","5","6.9","118"
"155","Michael Badgley","K","FA","-","-","-","13","-","-","9","10","1","7","7","7","19","12","8","5","12","8","9.1","118"
"158","Parris Campbell","WR","DAL","5.2","0","2","6.3","3.2","15.2","18","8.1","2.6","17.1","9.2","2.4","6.5","-","2.3","2.9","6.8","9.8","6.9","117.6"
"159","Brandin Cooks","WR","NO","11.7","7.4","3.2","15.2","4","-","6.6","9.3","-","6.2","8.5","8.6","-","BYE","-","11.4","5.9","19.1","9","117.1"
"160","Seattle Seahawks","DST","SEA","7","9","7","7","1","17","7","13","8","4","BYE","1","8","1","1","1","17","8","6.9","117"
"160","Green Bay Packers","DST","GB","1","9","11","7","3","2","9","6","3","5","5","0","9","BYE","11","11","23","2","6.9","117"
"162","Pat Freiermuth","TE","PIT","10","10.2","5.1","12","2.2","-","11.5","7.7","BYE","5.6","11.9","5.4","9.1","10.8","-","10.1","5.1","0","7.8","116.7"
"163","Matthew Stafford","QB","LAR","10.8","20.9","10.2","7.8","11.3","12.8","BYE","17.4","10.5","-","14.8","-","-","-","-","-","-","-","12.9","116.4"
"164","Tyler Higbee","TE","LAR","6.4","10.6","8.1","12.3","8.1","1.2","BYE","2.5","0","11.3","6.5","-","2.4","2.1","10.7","25.9","2.6","5.3","7.3","116"
"164","Houston Texans","DST","HOU","7","6","9","2","11","BYE","0","8","5","3","1","7","8","7","5","17","6","14","6.8","116"
"164","Indianapolis Colts","DST","IND","6","0","6","3","14","6","8","5","7","3","8","3","1","BYE","23","9","1","13","6.8","116"
"167","Joey Slye","K","TEN","2","1","0","5","7","6","11","5","6","19","12","8","9","-","9","2","5","8","6.8","115"
"167","Cincinnati Bengals","DST","CIN","2","4","16","8","4","1","4","7","6","BYE","1","5","4","8","9","10","7","19","6.8","115"
"167","New Orleans Saints","DST","NO","6","4","4","4","4","4","1","16","3","7","5","5","6","BYE","7","8","18","13","6.8","115"
"170","Dalton Schultz","TE","HOU","9.7","0.8","-","0","0","BYE","7.4","10.4","-","14.4","3.7","17.1","4.3","11.7","2.5","5.8","21.1","5.3","7.6","114.2"
"171","Rachaad White","RB","TB","3.1","0.1","0","12.1","5.7","3.8","3.7","5.8","4.9","10.5","BYE","15.4","13.9","8.2","4.8","13.3","7.3","1.5","6.7","114.1"
"172","Wil Lutz","K","DEN","10","4","2","7","9","14","11","6","7","5","10","0","10","-","3","5","10","1","6.7","114"
"173","Juwan Johnson","TE","NO","5.3","6","0","4.8","1.8","6.1","17.7","2.4","11.2","12.9","12.2","0","-","BYE","20.7","1.4","8.7","2.6","7.1","113.8"
"174","Dallas Goedert","TE","PHI","7.5","10.7","10.1","9.7","13.5","3.2","BYE","9.4","20","7.8","-","-","-","-","-","8.2","6","7.6","9.5","113.7"
"175","Khalil Herbert","RB","IND","10.8","4.6","29.9","10.6","1.1","7.4","15.2","15.9","2.3","5.7","-","-","-","BYE","-","1.3","3.1","5.4","8.7","113.3"
"176","Jahan Dotson","WR","PHI","16.5","15.9","2","11.8","-","-","BYE","-","-","1.9","2.1","0","13.9","-","18.5","16.6","5.2","8.7","9.4","113.1"
"177","David Njoku","TE","CLE","1.2","4.7","19.4","7.2","11.8","7.3","10.6","-","BYE","-","2.7","11.4","-","15.2","4.3","2.4","2.6","12.2","8.1","113"
"178","Dawson Knox","TE","BUF","1","6.1","4.5","5.5","-","11.2","BYE","8","4","7.7","10.5","2.7","0","12.1","18.8","11.3","-","8.3","7.4","111.7"
"179","Gerald Everett","TE","FA","12.9","10.1","3.5","14.6","0.7","5.4","8.8","-","6.1","3.3","-","5.8","10.5","5.3","6.2","-","9","8.3","7.4","110.5"
"180","Brock Purdy","QB","SF","-","-","-","-","-0.1","-","1.7","-","BYE","-","0.3","-","15.3","21.7","16.5","17","18.1","19.8","12.3","110.3"
"181","Kareem Hunt","RB","KC","21","8.4","7.6","7.8","13.2","1.2","7.3","9.2","-","2.4","6.4","2.6","8.4","2.2","3.2","3.7","0.4","4.3","6.4","109.3"
"182","Brian Robinson Jr.","RB","WAS","-","-","-","-","2.2","12","9.6","2","4.8","14.6","5.7","19.5","12.1","BYE","11.2","5.8","8.7","-","9","108.2"
"183","New York Giants","DST","NYG","4","7","0","16","3","7","5","5","BYE","9","-1","3","8","2","17","4","14","5","6.4","108"
"184","Miami Dolphins","DST","MIA","18","-4","9","1","-2","3","12","1","9","6","BYE","18","6","10","3","4","4","9","6.3","107"
"184","Pittsburgh Steelers","DST","PIT","26","3","2","5","2","3","1","-1","BYE","10","2","10","4","3","5","13","7","12","6.3","107"
"184","Cleveland Browns","DST","CLE","6","3","10","3","0","0","5","13","BYE","-3","1","4","27","4","16","3","13","2","6.3","107"
"187","Los Angeles Chargers","DST","LAC","13","1","-4","8","1","7","4","BYE","7","3","2","5","12","6","7","20","9","5","6.2","106"
"187","Minnesota Vikings","DST","MIN","12","7","2","6","4","13","BYE","10","6","15","-4","9","5","-1","5","9","-1","9","6.2","106"
"189","Breece Hall","RB","NYJ","7.1","12.5","12.2","14.8","26.7","19.1","13.2","-","-","BYE","-","-","-","-","-","-","-","-","15.1","105.6"
"190","Michael Carter","RB","ARI","13.5","7.5","5.1","3.9","16.3","5.2","8.4","8.1","15.1","-","2.2","4.6","BYE","1.5","3.6","7.5","1.5","1.5","6.6","105.5"
"191","Zach Wilson","QB","MIA","-","-","-","20.3","14.6","4.5","7.2","19.4","10.6","-","5.7","-","-","-","20.4","2.8","-","-","11.7","105.4"
"191","Darius Slayton","WR","NYG","-","0","0","1.6","10.9","2.3","13.3","9.1","BYE","17","11.1","7.8","12","5.2","4.8","9.9","0.4","-","7","105.4"
"193","Los Angeles Rams","DST","LAR","9","10","6","1","4","11","BYE","2","4","2","4","4","8","5","7","21","-1","8","6.2","105"
"194","Richie James Jr.","WR","FA","8.6","7.6","6","-0.6","2.6","2.8","0.7","-4","-","-","12.3","12.6","3.5","15.6","6.2","13","17.1","0","6.5","104"
"194","Cairo Santos","K","CHI","1","5","14","-","15","1","18","5","6","6","7","4","8","BYE","2","7","4","1","6.5","104"
"194","Tennessee Titans","DST","TEN","9","-3","3","10","6","BYE","19","9","7","12","4","8","-2","-4","8","7","7","4","6.1","104"
"197","Tampa Bay Buccaneers","DST","TB","13","26","6","1","6","3","1","5","8","6","BYE","6","3","-2","3","8","8","2","6.1","103"
"197","Arizona Cardinals","DST","ARI","-2","9","4","12","3","14","17","6","9","8","-4","4","BYE","3","11","5","4","0","6.1","103"
"199","Tyler Conklin","TE","LAC","9.6","7","12.4","6.7","0","2.2","4.2","22.9","1.2","-","2.5","6.5","1.9","5.3","1.4","5.4","11","2.3","6","102.5"
"200","Harrison Butker","K","KC","9","-","-","-","-","11","6","BYE","6","3","14","14","6","11","4","7","3","8","7.8","102"
"200","Denver Broncos","DST","DEN","5","7","16","2","14","5","4","7","BYE","4","1","2","12","7","10","-4","6","4","6","102"
"202","Marquez Valdes-Scantling","WR","SEA","6.1","2.3","6.8","7.8","12","0","12.6","-","1.7","13.5","2.3","7.6","8.1","2.5","10.1","0","3.8","4.2","6","101.4"
"203","Matt Prater","K","FA","1","1","14","8","-","-","-","9","3","-","5","7","-","7","14","14","15","1","7.6","99"
"204","Isaiah McKenzie","WR","FA","8.9","4.7","17.7","10.1","-","1.9","-","7.5","3.1","7.5","0","19.3","6.9","4.3","3.4","0.6","0","2.9","6.2","98.8"
"205","Russell Gage Jr.","WR","SF","2.3","5.3","18.7","3.4","5","3","5.9","-","BYE","-","-","-","1.6","8.2","21.9","9","4.8","9","7.5","98.1"
"206","Detroit Lions","DST","DET","0","9","2","-2","2","BYE","4","3","11","10","11","4","5","8","13","-4","15","7","5.8","98"
"206","Jordan Akins","TE","FA","-","-","10.6","4.3","3.2","-","8.3","1","0","8.7","1.8","12.6","3.6","1","9.7","5.4","4.8","23","6.5","98"
"208","Noah Fant","TE","CIN","3.1","2.1","4.7","6.7","6.4","7.5","1.2","2.9","12.1","4.9","-","4.9","12.2","0","11.7","8.2","5","4","5.7","97.6"
"209","Devin Duvernay","WR","CHI","19.4","11.2","9.3","7.1","10.3","1.9","5.2","14.4","1","-","1.2","5.4","7.3","0","3.9","-","-","-","7","97.6"
"210","Chris Boswell","K","PIT","14","8","5","12","3","10","5","-","BYE","-","-","-","-","2","8","9","12","9","8.1","97"
"211","James Cook","RB","BUF","-1.8","5.3","6","0","9.1","0.8","BYE","8.1","4.3","2.2","8.6","2.8","13.5","2","10.9","17.3","1.8","6.1","5.7","97"
"212","Kenyan Drake","RB","FA","5.1","0.8","-","-","3.2","19.2","0.5","14.7","23.9","-","6.3","0.2","5.6","1.2","-","-","-","14.9","8","95.6"
"213","Cameron Dicker","K","LAC","-","-","-","-","9","-","-","BYE","8","12","10","5","8","11","6","8","8","9","8.5","94"
"214","Marvin Jones Jr.","WR","FA","5.8","4.8","11.3","0","13.9","-","7.7","0","7.3","3.8","-","9.7","2.2","2.7","8.7","3","9.1","3.9","5.9","93.9"
"215","Noah Brown","WR","WAS","9.3","17.6","7.9","7.6","1","1.5","5.5","-","-","0.8","5.2","0","2.5","10.5","19.9","1","1.2","1.5","5.8","93"
"216","Kalif Raymond","WR","DET","0","0","0.9","3.6","7","BYE","12","9.1","3.2","6.2","5.5","5.5","1.6","2.9","13.8","6.9","5.9","8.6","5.5","92.7"
"217","Zach Ertz","TE","WAS","10.4","11.5","7.5","13.7","7.8","10.5","5.1","11.4","12.5","1.7","-","-","-","BYE","-","-","-","-","9.2","92.1"
"218","Alec Pierce","WR","IND","0","-","7.6","10","12.1","12.4","5.2","8","2.8","0","4.3","0","16.6","BYE","0","4.1","3","5.7","5.7","91.8"
"219","Chris Moore","WR","WAS","4.6","2.4","7.8","0","-","-","9","-","12.5","8.5","4.8","1.7","6.1","17.4","6.2","3.5","3.6","3","6.1","91.1"
"220","Deshaun Watson","QB","CLE","-","-","-","-","-","-","-","-","BYE","-","-","-","6.3","17.3","12.6","12.8","21.9","19.6","15.1","90.6"
"221","Olamide Zaccheaus","WR","CHI","4.9","9.1","5.9","6.5","10.9","7.8","4.6","0.9","2.9","4.4","2.7","11.6","2.3","BYE","0","3.8","0","11.7","5.3","90"
"222","Clyde Edwards-Helaire","RB","NO","20.9","13.8","12.4","21.9","5","3.3","9.2","-","2.4","0","0.9","-","-","BYE","-","-","-","-","9","89.8"
"223","Sam Darnold","QB","SEA","-","-","-","-","-","-","-","-","-","-","BYE","16.9","-","11.8","13.2","21.9","22.6","2.9","14.9","89.3"
"223","DeAndre Carter","WR","CLE","13.9","7","4.1","0.6","1.9","3.2","5.2","-","7.8","14.4","4.8","16.8","1.9","0.5","1","0","2.4","3.8","5.3","89.3"
"225","Robert Woods","WR","PIT","1.8","5.9","10.5","11","5.7","-","4.1","1.6","0","2","9.9","2.6","1.1","7.4","2.2","5","12.4","6","5.2","89.2"
"226","Atlanta Falcons","DST","ATL","6","16","4","6","0","13","-1","8","5","1","12","3","1","BYE","4","3","5","3","5.2","89"
"227","DeVante Parker","WR","FA","1.4","0","18.1","9.4","0","8.4","8.3","0","-","-","2.9","10","2.6","3.4","-","-","-","22.9","6.7","87.4"
"228","Greg Dortch","WR","ARI","9.8","13.5","12.5","1.1","0","0","7.1","0.2","0.8","0","14.8","-","BYE","0","0","17.3","3.5","6.5","5.4","87.1"
"229","Randy Bullock","K","FA","9","1","7","7","3","-","14","5","6","5","-","0","4","2","2","2","7","13","5.4","87"
"230","Rashid Shaheed","WR","NO","-","-","-","-","-","10.4","11.8","5.3","0","1.7","1.3","6.9","9.5","BYE","17","6.1","10.9","5.6","7.2","86.5"
"231","Michael Gallup","WR","WAS","-","-","-","9.4","6.4","2.8","0","6.9","-","5.5","5.6","8.8","16.3","5","0.7","11.6","5.4","1.5","6.1","85.9"
"232","Robert Tonyan","TE","KC","5.1","2.1","6.7","9.2","4.3","14","4.7","6","4.4","1.3","2.9","3.5","1.5","-","0.9","1.8","12.7","4.4","5","85.5"
"233","Josh Reynolds","WR","NYJ","3.3","11.3","12.6","17.6","12.2","-","1.3","2.4","-","BYE","-","-","3.4","13.6","-","4.1","1","2.1","7.1","84.9"
"234","Hunter Henry","TE","NE","3","0","1.3","2.3","7.4","14.1","1.7","2.7","7","BYE","2.5","13.8","2.3","8.5","1.9","-","7.7","7.2","5.2","83.4"
"235","DJ Chark Jr.","WR","ATL","13.2","0","6.1","-","-","-","-","-","-","-","0","8.6","12.3","18.4","2.3","12.8","6.6","2.9","7.6","83.2"
"236","James Robinson","RB","FA","19.4","14.8","19.1","2.9","4.9","6","0","1.7","12.3","-","1","-","1","-","-","-","-","-","7.6","83.1"
"237","Hayden Hurst","TE","FA","7.1","4.9","1.2","10.2","14.3","3.6","7.8","6.2","6","-","3.8","8.7","2.2","-","-","-","3.5","3.4","5.9","82.9"
"238","Damien Harris","RB","FA","6.8","15.7","11.6","14.9","1.7","-","1.5","6.2","-","-","10.3","1.6","-","-","-","-","6.4","5.7","7.5","82.4"
"239","Mike Gesicki","TE","CIN","0.6","12.1","1.1","3.3","3.5","21.9","4.2","11.3","0.8","4.1","-","0","0","0","1","2.9","8.8","6.6","4.8","82.2"
"240","Chase Claypool","WR","FA","7.4","4.6","6.1","0","7.5","19.9","6.6","10.5","2.7","1.3","2.1","6.1","3.3","-","-","-","0","3.9","5.5","82"
"241","Isaiah Hodgins","WR","SF","-","-","-","-","6.1","-","-","-","BYE","5.1","2.4","4.6","12.9","13.8","5.7","18.9","12.2","-","9.1","81.7"
"242","Corey Davis","WR","FA","10.7","15.3","3.7","15.9","4.8","6.2","0","-","-","-","-","1.4","11","2","-","2.4","6","2.2","6.3","81.6"
"243","Darnell Mooney","WR","ATL","1.3","0.1","3.3","11.4","6.2","10.3","6.8","9.5","14","7.7","10.9","-","-","BYE","-","-","-","-","7.4","81.5"
"244","Mecole Hardman Jr.","WR","GB","9.1","6","0.7","0.9","10","11.7","26","-","16.9","-","-","-","-","BYE","-","-","-","-","10.2","81.3"
"245","Chig Okonkwo","TE","TEN","1.2","0","0","11.3","0","BYE","0","0.8","5.3","4.6","3.6","5","8.8","15.5","8","1.5","3.9","11.7","4.8","81.2"
"246","Alexander Mattison","RB","MIA","3.6","2.9","10.9","8.3","5.5","0.3","-","10","0.6","2.4","1.3","1.1","8.8","-0.1","0.1","1.7","5","18.5","4.8","80.9"
"247","Chuba Hubbard","RB","CAR","0.3","-2","2.5","0","-","1.2","14.3","-","-","1.4","3.5","6.5","BYE","17.4","8.2","12.5","8","6.9","5.8","80.7"
"248","Romeo Doubs","WR","GB","6.8","3.7","17.3","11.2","4.4","4.1","0","14.2","2.3","-","-","-","-","BYE","8","5.1","3.5","0","6.2","80.6"
"249","Demarcus Robinson","WR","SF","2.9","7.7","0","2","1.3","4.2","-","9.4","1.7","-","17.3","2.2","7.6","7.7","3.9","7.1","1.4","3.4","5","79.8"
"250","Jaylen Warren","RB","PIT","0.7","2","3.8","2.7","8.3","0.2","3.4","9","BYE","9.2","1.4","-","2.9","3.7","11.4","3.5","11.3","5.8","5","79.3"
"251","Mitchell Trubisky","QB","BUF","12.7","12.4","15","2.5","-","10.3","BYE","-","-","-","-","-","-","12","14.1","-","-","-","11.3","78.9"
"252","Nico Collins","WR","HOU","3.6","7.8","5.1","9.7","8.5","BYE","4.8","-","-","13.4","7.3","7.4","11","-","-","-","-","-","7.9","78.6"
"253","J.K. Dobbins","RB","DEN","-","-","5","20.3","4.4","1.5","-","-","BYE","-","-","-","-","18","13.3","5.9","9.3","-","9.7","77.7"
"254","Eno Benjamin","RB","FA","7.6","6.6","3.3","5","12.8","8","21.3","6.5","3.2","0","-","-","-","0.1","-","-","2.4","0.3","5.9","77.1"
"255","Las Vegas Raiders","DST","LV","0","3","3","11","2","BYE","10","0","2","3","6","6","8","7","11","6","-2","1","4.5","77"
"256","Austin Hooper","TE","NE","1.1","2.4","2.9","0.9","1.2","-","7.1","1","4.4","6.6","17.6","4.5","3.7","9.3","4.3","3","1.1","5.8","4.5","76.9"
"257","Marquise Goodwin","WR","FA","3.2","0","4.1","0","-","3.6","20.7","5.3","-","10.8","-","7","2.2","17.8","2","0","-","-","5.9","76.7"
"258","Kenneth Gainwell","RB","PIT","10.2","2.3","0.6","8.2","2","2.5","-","1.6","11.3","1.7","0","11.1","6.8","0.5","2.4","7.8","2.7","4.7","4.5","76.4"
"259","Melvin Gordon III","RB","FA","6.2","5.8","14","-1.2","11.8","0.8","6","12.7","-","9","9.5","-","-","-","-","-","-","-","7.5","74.6"
"260","Isaiah Likely","TE","BAL","0","6.3","1.3","0","1.7","4","2.1","16.7","8.9","BYE","0.6","-","5","-","2.8","0.9","8.7","14.3","4.9","73.3"
"261","Cade Otton","TE","TB","0","0.9","-","4.4","7.3","3.3","8.4","2.5","15.3","5","BYE","0","11.8","4.8","2.5","2.2","2.7","1","4.5","72.1"
"262","Treylon Burks","WR","TEN","7","6.7","2.6","2.8","-","BYE","-","-","-","3.9","14.6","9","9","-","-","1.5","10.6","3.9","6.5","71.6"
"263","Kendrick Bourne","WR","NE","4.6","2.6","7.8","4.8","0.5","2.2","-","0","2.7","BYE","1.3","4.4","2","7.2","0","21.9","2.3","6.5","4.4","70.8"
"263","Darren Waller","TE","MIA","9.9","14","3.7","3.9","-","-","-","0","-","-","BYE","-","-","-","12.3","7.8","14.7","4.5","7.9","70.8"
"265","Nick Westbrook-Ikhine","WR","MIA","1.8","1.8","5.5","-","8.2","-","0","0","0","26.4","3.8","7.8","0.9","9.8","0","3.3","0.9","0","4.4","70.2"
"266","Matthew Wright","K","CAR","-","-","-","12","8","-","-","-","-","8","13","13","16","-","-","-","-","-","11.7","70"
"267","Will Dissly","TE","LAC","11.8","1","10.9","11.9","3.1","1.7","6.5","2.2","3.9","3.8","-","2.7","3.2","3","1.8","2.4","-","-","4.7","69.9"
"268","Greg Dulcich","TE","NYG","-","-","-","-","-","11.4","8.1","10.7","BYE","1.6","5","2.1","11.5","5.7","1.6","11.9","-","-","7","69.6"
"268","Elijah Moore","WR","BUF","7.4","5","6.9","7","1.6","0","0","0","-","-","2.7","13","2.7","9","7.4","2.5","2.8","1.6","4.4","69.6"
"270","Deon Jackson","RB","FA","-","-0.3","-","-","11.1","23.1","0.3","-0.4","4.6","-","3","-","0.6","-","10.1","2.4","1","14","5.8","69.5"
"271","Terrace Marshall Jr.","WR","PHI","-","0","-","-","5","0","4.1","10.7","12.8","4.8","9.1","1.3","-","2.3","6.6","6.5","2.5","3.3","4.9","69"
"272","Trent Sherfield Sr.","WR","DEN","1.3","1.9","1","7.5","1","1.1","5.9","3.5","4.2","14.3","-","4.3","14","1.2","0","3.5","4","-","4.3","68.7"
"273","Foster Moreau","TE","NO","-","4.5","5.9","-","-","-","4.3","6.1","3.4","11.8","3.8","10.8","3.7","0","3","2.9","7","1.5","4.9","68.7"
"274","Allen Robinson II","WR","FA","1.7","13.3","3.3","1.7","2.7","14.8","-","7.9","3.9","6.4","12.7","-","-","-","-","-","-","-","6.8","68.4"
"275","Quez Watkins","WR","ARI","0","13.9","0","0","3.4","0.2","-","0","3.5","8","10.1","11","6.2","3.9","3","2.4","0","2.4","4","68"
"276","Rondale Moore","WR","MIN","-","-","-","2.2","9.6","7.9","3.6","19.9","10.9","13.9","-0.6","-","-","-","-","-","-","-","8.4","67.4"
"277","Van Jefferson","WR","TEN","-","-","-","-","-","BYE","-","-","0","10.2","5.6","10.4","4.9","11.4","4.2","3.4","9.2","7.6","6.7","66.9"
"278","Dontrell Hilliard","RB","FA","20.4","-","4.9","3.8","10.3","-","0.4","10","1.3","1.3","8.3","3.4","2.6","0","-","-","-","-","5.6","66.7"
"279","Nyheim Miller-Hines","RB","LAC","8.4","5.7","5.5","1.3","1.3","-","6.8","11.9","0","1.4","-0.8","0.3","2.3","1.2","7.5","1.6","-","12","4.2","66.4"
"280","Chase Edmonds","RB","FA","8.5","4.6","15.2","9","0.1","4.1","1.7","1.4","-","1.4","0.6","-","-","-","-","6.3","8.8","4.5","5.1","66.2"
"281","Jauan Jennings","WR","SF","8.2","0.9","1","3.2","5.5","2.8","3.4","-","BYE","6","0","13.9","4.4","1","4.6","3.1","5.6","1.5","4.1","65.1"
"282","Darrell Henderson Jr.","RB","FA","9.8","10.7","1.7","5.4","5","12.2","-","4","5.6","9.7","0.9","-","-","-","-","-","-","-","6.5","65"
"283","Ben Skowronek","WR","PIT","4.5","2.6","8.6","4.3","7.1","14.2","-","1.5","0","2.4","0.9","1.5","4","12.4","0.8","-","-","-","4.6","64.8"
"284","Randall Cobb","WR","FA","2.4","5.2","6.7","5.7","13.4","1.3","-","-","-","-","10.3","8.9","0","-","4.7","1","3","2.1","5","64.7"
"285","Chicago Bears","DST","CHI","10","5","6","6","4","7","10","-1","-1","2","4","0","-1","BYE","7","3","-2","3","3.6","62"
"286","Jelani Woods","TE","IND","0","0","14.3","3.8","0","9.7","0.9","-","0.7","-","-","13.8","3.8","BYE","4.1","5.8","3.4","1.4","4.4","61.7"
"287","Kyle Pitts Sr.","TE","ATL","2.9","2.9","11.2","3","-","9.4","2.4","16.5","3.7","3.8","5.8","-","-","BYE","-","-","-","-","6.2","61.6"
"288","Hunter Renfrow","WR","CAR","3.6","7.4","-","-","4.5","-","7","1.1","4.1","-","-","-","BYE","-","1.9","12.2","3.4","15.8","6.1","61"
"289","Jamal Agnew","WR","ATL","1.7","0.1","2.2","19","0.3","2.9","-","-","0","1.9","-","12.2","4.3","5.9","7.4","1.3","0.3","1.3","4.1","60.8"
"290","Mike White","QB","BUF","-","-","-","-","-","-","BYE","-","-","-","-","24.8","19.5","10.7","-","-","5.6","-","15.1","60.6"
"291","JaMycal Hasty","RB","FA","-","-","0","3.2","0.6","11.7","0.6","2.5","1.6","0.8","-","18","-","1.3","2","2.6","14.6","0.5","4.3","60"
"292","Daniel Bellinger","TE","NYG","0","8.1","6","3.8","9.4","12.3","1.8","-","BYE","-","-","-","4.9","3.4","0.9","3.7","5.7","-","5","60"
"293","Nelson Agholor","WR","FA","2.3","20","3.1","6.1","0","-","0","0.7","-","-","2.8","15.5","2.7","5.7","0.8","0","0","0","4","59.7"
"294","Cooper Rush","QB","BAL","2.6","13.6","12.4","17.6","4","8.2","-","-","-","BYE","1.2","-","-","-","-","-","-","0","7.5","59.6"
"295","Gus Edwards","RB","FA","-","-","-","-","-","-","18.6","6.5","-","-","-","9.2","1.2","6.6","5.5","9.9","0.2","1.6","6.6","59.3"
"296","Laviska Shenault Jr.","WR","BUF","-","-","16","0","-","-","1.3","5.1","0.6","13.4","2.7","3.1","-","5.8","0","6.8","3","1.4","4.6","59.2"
"297","Zack Moss","RB","FA","4.6","1.7","5.7","0.6","0.7","-","-","-","-","0.4","0.7","0.2","1.8","-","8.1","7.5","7.4","19.6","4.5","59"
"298","Julio Jones","WR","FA","10.1","-","-","1.2","-","-","-","9.1","3.8","12.8","-","7","4.3","6.3","-","1","2.8","-","5.8","58.4"
"299","Logan Thomas","TE","FA","6","11.2","1.5","4.4","-","-","-","-","0","2.2","9","1.2","3.5","-","1.1","6.5","8.6","2.6","4.4","57.8"
"300","Joshua Kelley","RB","FA","4.5","3","1.3","1.5","15.2","-","-","-","-","-","-","3","3","4","9.6","4.7","5.1","2.9","4.8","57.8"
"301","Colby Parkinson","TE","LAR","11.3","-","5.4","3.8","-","2.1","3.3","1","1.6","1.2","-","-","1.7","1.5","0","6","12.1","5.7","4.1","56.7"
"302","Noah Gray","TE","KC","1.5","2.2","3.1","6.1","1.2","2.8","1.5","BYE","6","9","2.5","2.6","2","6","4.6","1.3","1.7","1.9","3.3","56"
"303","Trenton Irwin","WR","JAC","-","-","-","-","-","-","-","3.7","3","-","11.7","2.1","1.7","12.8","1","18","-","1.7","6.2","55.7"
"303","Dante Pettis","WR","NO","11.6","0","0","0","0","16.4","3.6","3.8","1.7","2.2","0","1.7","1.9","BYE","1.8","8.1","0","2.9","3.3","55.7"
"305","Tyquan Thornton","WR","KC","-","-","-","-","1.7","19.3","2.4","1.8","1","-","1","-","4.1","4.8","2.6","1.3","13.5","1.8","4.6","55.3"
"306","Brock Wright","TE","DET","0","3","0","0","-","BYE","7.7","1.1","0","6.7","3","1.6","3.5","0","11.6","1.6","14.8","0","3.4","54.6"
"307","Tutu Atwell","WR","LAR","0","0","0","-","5.9","0.9","BYE","-","-","-","12.7","3.3","8.1","7","1.1","2.4","2","10.8","4.2","54.2"
"308","Equanimeous St. Brown","WR","FA","8.3","4.9","6.8","0.9","3.4","0.1","6.8","1.1","0","0.9","3.4","1.2","10.1","-","2.5","-","3","0.8","3.4","54.2"
"309","Tyler Huntley","QB","FA","-","-","-","-","-","-","-","-","-","-","-","-","16.6","6.6","6","13.2","10.6","-","10.6","53"
"310","Rex Burkhead","RB","FA","9.5","1.9","5","12.4","3.8","-","4.4","0.7","2","4","-","1","-","0.7","2.7","1.7","2.5","0.6","3.5","52.9"
"311","Zonovan Knight","RB","NYJ","-","-","-","-","-","-","-","-","-","BYE","-","11.8","14.3","14.7","2.3","1.8","5.4","2.2","7.5","52.5"
"312","Joe Flacco","QB","CLE","15.4","26.9","5.4","-","-","-","-","-","BYE","-","-","-","-","-2","-","-","-","5.7","10.3","51.3"
"313","Ray-Ray McCloud III","WR","ATL","2.5","2.1","1.6","1.1","0","0","14.5","1.6","-","3.8","0","1.7","0","2.3","2.1","13.1","4.7","0","3","51.1"
"314","Justin Watson","WR","HOU","0","12","0","0","1.5","0","6.9","-","4.7","1.7","8.2","3.6","2","0","0","0","3.2","7.2","3","51"
"315","Shi Smith","WR","FA","1.7","0.7","3.2","0","8.9","0","0","0","2.5","2.2","2.6","0","-","8.7","2.9","2.2","15","0","3","50.6"
"316","Rashaad Penny","RB","FA","7.7","1.5","7.4","28.2","5.4","-","-","-","-","-","-","-","-","-","-","-","-","-","10","50.2"
"317","Matt Breida","RB","FA","2.4","-0.4","0.3","1.8","3.7","2.1","3.8","2","-","2","9.4","2","0.9","2.5","1.7","0.9","7.2","7.5","2.9","49.8"
"318","Kadarius Toney","WR","FA","2.3","1","-","-","-","-","-","-","2.2","17","0","-","-","-","1","7.3","7.1","11.4","5.5","49.3"
"319","Jameis Winston","QB","NYG","21.7","10.6","16.4","-","-","-","-","-","BYE","-","-","-","-","-","-","-","-","-","16.2","48.7"
"320","Braxton Berrios","WR","HOU","6.2","2.2","-0.2","5.2","7.9","9.1","5.7","0","1.1","-","0","1.8","1.9","3","1.9","0","2.9","0","2.9","48.7"
"321","Jarvis Landry","WR","FA","14.9","4.5","3.2","3.7","-","-","-","-","-","5.2","10.8","3","2.4","-","0","-","-","-","5.3","47.7"
"322","Trey McBride","TE","ARI","-","0","0","3.9","-","0","0","0","-","1.2","3.4","0.6","BYE","4.3","7.5","3.2","17.3","5.6","3.4","47"
"322","MyCole Pruitt","TE","FA","-","-","-","-","-","6.7","-","-","1.1","1.1","2.2","7.9","7.2","-","3","0","6.9","10.9","4.7","47"
"324","Harrison Bryant","TE","PHI","2.8","6","-","3.8","0","3.3","2.5","-","-","9","6.1","1.9","1.9","1.3","1.7","-","2.9","3","3.3","46.2"
"325","Rashod Bateman","WR","BAL","12.9","18.8","4.9","3.2","-","-","6.2","0","-","BYE","-","-","-","-","-","-","-","-","7.7","46"
"326","Kylen Granson","TE","PHI","3.7","2.4","1.7","8.2","2.1","5.8","1.1","2.6","0","7.7","2.1","-","3.9","-","4.4","-","-","-","3.5","45.7"
"326","C.J. Uzomah","TE","FA","-","-","1","0","2.2","2.7","1","3.2","3.1","-","0","3.2","3.6","1.2","17.1","3.5","3.9","-","3.3","45.7"
"328","Jarrett Stidham","QB","DEN","-","-","-","-","-","-","-","2.9","BYE","-","-","-","-","-","-","-","28","14.8","15.2","45.6"
"329","Damiere Byrd","WR","FA","-","-","-","0","0","-","14","14.2","0","7.3","3.9","-","1.7","-","0","2","1.7","0.5","3.8","45.3"
"330","Justin Jackson","RB","FA","-","0","0","7.7","1.4","-","0.2","0","2.7","3.8","8.2","2.4","3.8","9.6","3.6","-0.1","-","1.8","3","45.1"
"331","Mo Alie-Cox","TE","IND","3.6","1.4","1.4","23.5","1.2","-","-","0","2.3","-","1.9","2.4","-0.9","BYE","0","0.7","0","6.9","3.2","44.4"
"331","Kendall Hinton","WR","FA","-","2.5","3.2","4.9","-","1.3","1.9","-","-","8.2","7.2","7.3","1.6","6.3","-","-","0","-","4","44.4"
"333","Kyle Juszczyk","RB","SF","0","6.1","2.9","4.9","3.7","5.3","4.9","-","BYE","-","0.4","1.2","8.7","1.7","-","-","0.9","3.4","3.4","44.1"
"334","Caleb Huntley","RB","FA","-","0.3","-","11.6","3.4","5.9","2.2","9.1","3.4","3.2","1.1","1.8","1.7","-","0.2","-","-","-","3.7","43.9"
"335","Boston Scott","RB","FA","7","2.6","0","-","-","1.6","-","2.1","0.5","0.5","2.2","2.4","2.6","10.2","0","0","0.6","11.4","2.9","43.7"
"336","Tre'Quan Smith","WR","FA","-","-","12.5","2.3","1.5","11.8","8.4","0","4.4","0","-","1.3","-","-","-","-","-","1.1","4.3","43.3"
"337","Michael Thomas","WR","FA","20.2","15.5","7.4","-","-","-","-","-","-","-","-","-","-","-","-","-","-","-","14.4","43.1"
"338","Tommy Tremble","TE","CAR","0.6","0","1.2","4.9","0","-","9.4","2.7","6.1","0","0","0.7","BYE","0","3","2.8","10.8","0.7","2.7","42.9"
"339","Irv Smith Jr.","TE","HOU","0","12.1","4.2","3.8","6.2","8.7","-","4.8","-","-","-","-","-","-","-","-","-","2.9","5.3","42.7"
"340","J.D. McKissic","RB","FA","6.3","9.8","7","7.1","6.2","2","0.4","3.5","-","-","-","-","-","-","0","-","-","-","4.7","42.3"
"341","Robbie Chosen","WR","FA","18.7","2.7","1.9","4.1","3.7","-","0","0","0.1","-","-","2.2","-","7","0","-","1.8","-","3.5","42.2"
"342","Bailey Zappe","QB","KC","-","-","-","6","11","17.9","7.3","BYE","-","-","-","-","-","-","-","-","-","-","10.5","42.1"
"343","P.J. Walker","QB","FA","-","-","-","-","2.4","2.3","15.1","17.7","-1","5.7","-","-","-","-","-","-","-","-","7","42.1"
"343","Mark Ingram II","RB","FA","0.8","5.1","7.8","5.8","3.6","6.2","3.7","0.7","-","-","-","1","7.4","-","-","-","-","-","4.2","42.1"
"343","Elijah Mitchell","RB","KC","4.1","-","-","-","-","-","-","BYE","-","9.3","5.9","5.3","-","-","-","-","-","17.5","8.4","42.1"
"346","Teddy Bridgewater","QB","FA","-","-","0","11.8","0","20.2","-","-","-","-","-","-","-","-","-","-","10","-","8.4","42"
"347","Phillip Dorsett II","WR","LV","0","-","2","0","0","BYE","11.5","1.1","8.4","3.2","0","1","2.8","2.8","0","6","2.9","-","2.8","41.7"
"348","Ameer Abdullah","RB","SF","0","2.8","0","0","0","-","1.7","4.8","1.3","5.3","2","13","0.4","2.7","2.4","3.7","-","1.5","2.6","41.6"
"349","A.J. Green","WR","FA","2.3","0","0","-","0","1.7","-","0","-","8","7.5","1","-","1.2","0","-","2.7","16.6","3.2","41"
"350","Wan'Dale Robinson","WR","NYG","1","-","-","-","-","11.2","8","2.5","BYE","2.5","14.9","-","-","-","-","-","-","-","6.7","40.1"
"351","Dustin Hopkins","K","CLE","7","6","4","10","-","13","-","-","BYE","-","-","-","-","-","-","-","-","-","8","40"
"352","Gardner Minshew II","QB","KC","-","-","-","-","-","-","-","0.8","-","-","-","-","0.4","-0.1","-","24.7","14","-","8","39.8"
"353","Jake Ferguson","TE","DAL","0","0","2.3","1.2","-","12","1.2","6.6","BYE","-","2.5","7.2","0.9","-","-","2.9","1.2","0.9","3","38.9"
"354","Desmond Ridder","QB","CIN","-","-","-","-","-","-","-","-","-","BYE","-","-","-","-","7.7","9.5","5.7","15.9","9.7","38.7"
"354","Dare Ogunbowale","RB","HOU","-","0","-","0","0","BYE","8.7","0.5","0","1.8","1","8.5","3.1","1.1","1.4","2.8","3.5","6.3","2.6","38.7"
"354","DeeJay Dallas","RB","ARI","0","-1","4.8","0","1.5","0.1","5.1","0","0.4","0","-","2.5","3.7","-","-","7.2","11.3","3.1","2.6","38.7"
"357","Sam Ehlinger","QB","DEN","-","-","-","-","-","-","-","7.5","7","-","-","-","-","-","-","-","7.6","16.5","9.7","38.6"
"358","Sammy Watkins","WR","FA","3.3","10.8","-","-","-","-","4.6","0.8","1.4","6.2","0","-","-","-","-","4.5","-","6.9","4.3","38.5"
"358","Jonnu Smith","TE","PIT","4.8","0","4.5","0","-","7.1","0.9","2.5","3.6","-","6.5","-","1.6","0","3.4","3.6","-","-","3","38.5"
"360","Raheem Blackshear","RB","CAR","-","-","-","-","0","0","-0.5","0.1","13.3","3.2","2.4","-0.4","BYE","11.4","0","8","0.4","0.1","2.9","38"
"361","Ty Johnson","RB","BUF","-","0.9","-","0","0","-","1.4","0.6","1.7","-","0.4","14.3","7.1","-","-","0.7","6.2","3.5","3.1","36.8"
"362","Justice Hill","RB","BAL","2.1","1.6","6","6.7","-","-","0.6","2.8","2.4","BYE","5.3","0.3","1.6","0","2.3","0.9","0","3.4","2.4","36"
"363","Colt McCoy","QB","FA","-","-","-","-","-","-","-","-","-","13.9","8.3","-","-","11.2","2.3","-","-","-","9","35.8"
"364","Adam Trautman","TE","DEN","-","-","1.4","5.2","10.2","1.3","-","-","1.3","3.2","2.7","2.2","3.8","-","0","0","2.1","2.3","2.7","35.7"
"365","Brandon Powell","WR","FA","1.8","-1.5","4.2","1.1","0.1","6","-","0","0.9","0.7","2.5","1.6","10.4","0","1.2","3","1.4","2.2","2.1","35.6"
"366","Shane Zylstra","TE","DET","0","0","0","-","-","BYE","-","-","6.6","0","-","-","0.9","2.8","0.9","23.1","1.2","0","3.2","35.5"
"367","Travis Homer","RB","CHI","0.2","6.2","0.7","0","-","0","-","3.6","4.7","0","-","12.3","-","4.4","3","0","-","-","2.9","35.1"
"368","Ashton Dulin","WR","IND","6.1","10.7","1.2","2.8","2.3","-","-","-","-","-","0","0","7.9","BYE","4","0","-","-","3.5","35"
"369","KhaDarel Hodge","WR","ATL","5.3","6.7","0","0","6.8","0","0","-","2.4","10.7","1.8","-","0","BYE","0","0","1","-","2.5","34.7"
"370","Marlon Mack","RB","FA","-","0","-","0","-","-","-","-","-","-","-","1.7","1.4","14.7","14.3","2.2","0","-","4.3","34.3"
"371","Peyton Hendershot","TE","FA","-","-","5.8","0","0","3.2","7.5","2.5","-","0","0.3","6.2","0","-","8.5","-","0","-","2.8","34"
"371","Javonte Williams","RB","DAL","14.3","9","7.5","3.2","-","-","-","-","BYE","-","-","-","-","-","-","-","-","-","8.5","34"
"373","Josh Oliver","TE","MIN","-","-","7.8","-","0","3.1","0","0.9","2.4","-","0.7","15.6","-","-","2.3","1.1","0","0","2.8","33.9"
"374","David Bell","WR","CLE","0","1.1","1.1","4.5","1.1","1.8","1.2","3.7","BYE","3.9","4.2","4.3","0","4.2","-","2.3","0","0","2.1","33.4"
"375","Durham Smythe","TE","CHI","1.9","1","3.8","0","7.4","-","-","-","0","0","-","6.9","3.1","BYE","0.3","1.3","1.4","5.4","2.5","32.5"
"376","Skyy Moore","WR","KC","3.5","0","-2","4.1","2.5","2.9","-2","BYE","0","1.1","8.8","4.1","1.2","1.2","1.2","1","4.8","-","2","32.4"
"377","Jordan Mason","RB","MIN","0","0","0.7","-","0","-","BYE","-","-","-","1.4","2.5","5.1","5.6","6.4","0","7.3","2.8","2.7","31.8"
"378","O.J. Howard","TE","FA","16.8","1.2","0","3.7","0","-","-","3.4","1.9","0","1.4","0","-","-","-","-","3.1","-","2.9","31.5"
"379","Malik Davis","RB","FA","-","-","-","-","-","-","-","5.1","-","3.8","4.5","-","8.9","-","-","-","7.2","1.9","5.2","31.4"
"380","Amari Rodgers","WR","FA","0","0","0","0","0","1.9","0.4","2.7","0","-2","-","-","-","14","3.6","4.2","2.6","3.7","2.1","31.1"
"381","Scotty Miller","WR","PIT","-","5.7","0.9","-","5.5","0","1.6","2.3","8.8","3.5","-","-","1.2","0","-","0","-","1.3","2.6","30.8"
"382","Alec Ingold","RB","MIA","1.5","2.6","0","0","-","2.2","-","7.1","-","12.5","BYE","0.5","3","0","1.4","0","0","-","2.4","30.8"
"383","Byron Pringle","WR","FA","2.7","0","1.6","-","-","-","-","-","-","1.7","0","8.2","-","-","10.9","4.4","0","1","3.1","30.5"
"383","Velus Jones Jr.","WR","NO","-","-","-","-2","7.4","0.3","-","4.3","-","-","0","0.6","0.1","BYE","-1.2","6.2","1.3","13.5","2.8","30.5"
"385","Dyami Brown","WR","JAC","-","-","0","1.1","23.5","0","-","-","0","2","BYE","2.2","-","-","1.5","-","-","0","3.4","30.3"
"386","Ian Thomas","TE","LV","6.3","1.8","2.3","1.1","1.8","3.2","0.8","0.7","-","-","3.9","3.1","-","2.1","0","1.7","1.4","-","2.2","30.2"
"387","Connor Heyward","TE","PIT","0","0","0","0","2.2","5.9","1.1","0","BYE","1.9","0","0","8.2","1.8","0","2.1","0","6.6","1.8","29.8"
"388","Marquez Callaway","WR","SF","-","0","6.9","6.8","1.5","5.1","3","1.5","3.9","-","1.1","-","0","-","-","-","-","0","2.7","29.8"
"389","Johnny Mundt","TE","JAC","3.2","3.8","3.3","0","1.6","1.1","-","6.6","0.6","-","1.3","3","1.7","-","1.2","2.1","-","-","2.3","29.5"
"390","Khalil Shakir","WR","BUF","-","0","-","3.3","15","1.9","BYE","0","-","1.1","-","-","1.5","0","-","3","-","3.3","2.9","29.1"
"391","Zach Pascal","WR","NYG","1.2","2.4","3.3","0","-","0","-","12.7","1.3","1.5","1.4","0","2.6","1","0","1.1","0","-","1.9","28.5"
"392","Mitchell Wilcox","TE","FA","-","0.8","1.4","2.3","-","-","2.4","0.8","-","-","-","-","1.8","1.5","10.9","6.5","-","-","3.2","28.4"
"392","Jalen Nailor","WR","MIN","-","-","-","1.8","-","-","BYE","-","-","0","2","0","-","0","0","-","16.4","8.2","3.6","28.4"
"394","Eric Saubert","TE","SEA","0","8.7","0","3","6.1","-","0","0","-","1.7","2.6","-","0","0.7","1","0","4.5","-","2","28.3"
"395","Sterling Shepard","WR","TB","14.1","6.4","7.4","-","-","-","-","-","-","-","BYE","-","-","-","-","-","-","-","9.3","27.9"
"396","Avery Williams","RB","PHI","2","1.1","0.9","2.1","9.1","1.3","0.4","1.7","0.7","2.5","-2","0","0","-","2","4","0.5","1.2","1.6","27.5"
"397","Cameron Brate","TE","FA","1.2","1.4","7.7","5.2","-","2.4","-","-","-","1.3","-","2.5","-","2.2","3.5","-","-","-","3","27.4"
"398","Teagan Quitoriano","TE","ATL","-","-","-","-","-","-","-","-","6.7","-","0","3","0","BYE","7.3","0","-","9.8","3.8","26.8"
"399","River Cracraft","WR","FA","-","6.7","7.6","0","0","0","-","-","-","-","-","7.5","3.9","-","-","-","-","1","3.3","26.7"
"400","Gary Brightwell","RB","CIN","0","1.4","-","0","6.5","0","-","0","-","0","0","5.9","0","5.1","0","-0.1","0.9","6.8","1.8","26.5"
"401","C.J. Ham","RB","MIN","1.1","0","2.5","0","-","0.3","BYE","0","-","6.3","-","-","0","1.4","7","1","-","6.7","2.2","26.3"
"402","Craig Reynolds","RB","DET","-","3.4","2.3","4.7","10.7","BYE","4.5","0.7","0","-","-","-","-","-","-","-","-","-","3.8","26.3"
"403","Kyren Williams","RB","LAR","-","-","-","-","-","-","BYE","-","-","5.4","4.9","7.5","0.9","3.4","0.7","2.6","0.6","-","3.3","26"
"404","Jody Fortson Jr.","TE","FA","6.6","0","0","7.5","-","-","1.3","-","-","-0.9","6.1","3.6","1.1","-","0","-","-","-","2.5","25.3"
"405","Keelan Cole Sr.","WR","FA","-","-","1.7","0","0","-","-","4","-","0","2.6","2.2","0","1.6","12","0","-","1","2.1","25.1"
"406","Eric Tomlinson","TE","FA","0","-","-","-","0","2.1","3.1","0","-","0","-","-","-","2.1","10.3","-","-","6.8","2.7","24.4"
"406","Steven Sims Jr.","WR","SEA","-","-","-","-","0","-0.5","-","3","-","2.2","-0.3","1.9","1.9","5.1","3.4","1.2","4.9","1.6","2","24.4"
"408","Lawrence Cager","WR","WAS","0","-","-","-","-","-","-","0","-","7.9","3","2.5","-","BYE","-","-","-","10.9","4.1","24.3"
"408","Mike Boone","RB","FA","0.7","0","0","3.4","10","0.9","2.3","-","-","-","-","-","3.1","3.9","-","-","-","-","2.7","24.3"
"410","Denzel Mims","WR","FA","-","-","-","-","-","-","0.9","8.6","1.7","-","4.5","1.6","0","5","1.8","-","0","-","2.7","24.1"
"411","Donald Parham Jr.","TE","PIT","-","-","-","-","0","6.8","-","-","BYE","-","-","-","-","-","5","1.3","6.8","4.1","4","24"
"412","John Bates","TE","WAS","0","2.5","0","3.9","5.4","-","-","1.1","1","-","0","9.9","-","BYE","0","-","-","-","2.4","23.8"
"412","Brandon Bolden","RB","FA","9.8","-","3.1","0.4","4.9","-","0","-","1.5","-","0.9","-","-","0","0","0","3.2","0","2","23.8"
"414","Pierre Strong Jr.","RB","CLE","-","0","-","-","-","0.5","-","0","0","-","0","0","-","16","5.2","2","0","-","2.4","23.7"
"415","Marcedes Lewis","TE","FA","-","-","-","-","6.7","-","-","-","2.4","0.4","-","-","2","-","1.9","10.2","-","-","3.9","23.6"
"416","Austin Seibert","K","FA","5","11","7","-","-","-","-","-","-","-","-","-","-","-","-","-","-","-","7.7","23"
"417","Jalen Reagor","WR","LAC","0","2.9","0.7","0","6.6","0","-","0","0","0","1.9","3","5.1","0","-0.5","0","0","3.2","1.3","22.9"
"418","Joshua Dobbs","QB","NE","-","-","-","-","-","-","-","-","-","BYE","-","-","-","-","-","-","11.5","11.4","11.4","22.8"
"418","James Mitchell","TE","CAR","-","-","-","-","-","-","-","1.9","7.8","0.9","-","2.7","BYE","-","2.2","4.1","2","1.2","2.9","22.8"
"420","Zach Gentry","TE","FA","5","-","-","0.7","6.8","0.9","1","0.8","-","0","1.8","0.1","1.3","0","0.9","0.6","-","2.8","1.6","22.7"
"421","Jonathan Williams","RB","FA","0","-","0.6","4.8","0","-","-","-","-","-","-","2.2","0.1","-","-","5.1","4.8","5.1","2.5","22.7"
"422","Malik Willis","QB","GB","-","-0.2","-","-","-","-","-","2.4","7.2","-2.4","-","-","1.4","BYE","1.6","12.3","-","-","3.2","22.3"
"423","KJ Hamler","WR","BUF","0","-","0","6","1.5","5.4","2.3","7.1","-","-","-","-","-","-","-","-","-","-","3.2","22.3"
"424","Brett Rypien","QB","MIN","-","-","-","-","-","-","8.9","-","-","-","-","-","-","3.6","8.7","0.8","-","-","5.5","22"
"425","N'Keal Harry","WR","FA","-","-","-","-","-","-","1.9","9.4","1.1","-","-","-","5.4","-","-","-","2.1","1.2","3.5","21.1"
"426","Davis Webb","QB","FA","-","-","-","-","-","-","-","-","-","-","-","-","-","-","-","-","-","20.8","20.8","20.8"
"427","David Blough","QB","FA","-","-","-","-","-","-","-","-","-","-","-","-","-","-","-","-","13.6","7","10.3","20.6"
"428","Hassan Haskins","RB","LAC","-","4.2","0","0","0","-","1","0","1.2","0","0","0","-","-","2.5","2.7","6.3","2.6","1.5","20.5"
"428","Albert Okwuegbunam Jr.","TE","FA","5.8","0","1.7","-","1","-","-","-","-","-","-","-","-","-","-","-","12","0","3.4","20.5"
"428","Tevin Coleman","RB","FA","-","-","-","-","20.2","0.3","-","-","-","-","-","-","-","-","0","-","-","-","6.8","20.5"
"431","Skylar Thompson","QB","PIT","-","-","-","-","3.6","4.5","-","-","BYE","0.7","-","-1.3","-1","-","-","-","7.6","6.4","2.9","20.5"
"432","Sony Michel","RB","FA","1.2","2.4","3.6","4.2","0","5.7","1.8","-","1.2","0.2","0.1","-","-","-","-","-","-","-","2","20.4"
"432","Cedrick Wilson Jr.","WR","NO","3.8","0","-","-","3","-","0","0","3.3","1.2","-","3.6","0","2.9","2.6","0","0","-","1.6","20.4"
"434","Malcolm Brown","RB","FA","-","-","-","-","-","3.3","-","1","2.4","-","-","-","-","2.7","0","2.6","8.3","-","2.9","20.3"
"435","Matt Ammendola","K","FA","-","9","3","-","5","3","-","-","-","-","-","-","-","-","-","-","-","-","5","20"
"436","Kyle Allen","QB","DET","-","-","-","-","-","BYE","-","-","-","0","-","11.8","8.1","-","-","-","-","-","6.6","19.9"
"437","Brevin Jordan","TE","HOU","1","1.3","-","-","-","BYE","0","2.9","1","-","-","-","6.6","-","1.4","3.1","2.5","-","2.2","19.8"
"438","DeSean Jackson","WR","FA","-","-","-","-","-","-","-","-","2.1","-","-","8.4","2","4.4","0","1.5","1.4","-","2.8","19.8"
"439","Corey Clement","RB","FA","-","-","-","-","-","-","-","-","-","-","0","1.3","-","2.6","-","-","3.2","12.3","3.9","19.4"
"440","Sam Howell","QB","MIN","-","-","-","-","-","-","BYE","-","-","-","-","-","-","-","-","-","-","19.3","19.3","19.3"
"441","Darrel Williams","RB","FA","-","13.2","0.7","1.9","0.9","-","-","2.4","-","-","-","-","-","-","-","-","-","-","3.8","19.1"
"442","Rodrigo Blankenship","K","FA","9","-","-","-","-","-","10","0","-","-","-","-","-","-","-","-","-","-","6.3","19"
"443","Breshad Perriman","WR","FA","-0.7","12","3.9","-","-","0","-","1.6","0.6","-","-","0","-","-","-","-","-","1.4","2.4","18.8"
"444","Tanner Hudson","TE","CIN","-","3.2","-","2.3","-","-","0","7.3","-","3.9","-","1.5","-","-","-","-","-","-","3","18.2"
"445","Tom Kennedy","WR","DET","-","-","-","6.9","0","BYE","2.4","-","2.1","4.9","1.8","0","-","-","-","-","-","-","2.6","18.1"
"446","Reggie Gilliam","RB","BUF","0","8.7","3.2","0","0","3.3","BYE","-","-","-","0","0","-","-","-","1.7","1.2","0","1.6","18.1"
"447","Dan Arnold","TE","FA","-","1.3","-","3.1","2.5","-","2.9","1.3","2.4","1.3","-","-","0","1","-","2.2","0","-","1.6","18"
"447","Ross Dwelley","TE","SF","1.6","10.3","0","0","0","-","-","6.1","BYE","-","-","-","-","-","-","-","-","-","3","18"
"449","Josiah Deguara","TE","ARI","3.8","-","-","0","2.9","1.4","-","1.4","6.6","-","-","-","0","-","-","0.9","0.9","-","2","17.9"
"450","Geoff Swaim","TE","FA","3.4","-","9.4","-","1","-","0","-","-","0","0.8","0","0.9","0","-","0.4","0.9","1","1.5","17.8"
"450","Jack Stoll","TE","NO","-","-","0.9","-","-","2.6","-","0","1.8","1.6","1.2","0","5.6","3","1.1","-","-","-","1.8","17.8"
"452","John Wolford","QB","JAC","-","-","-","-","-","-","-","-","-","9.8","BYE","-","8","-","-","-","-","-","8.9","17.8"
"453","Derek Watt","RB","FA","-","0.2","-","-","0.6","0","0","7.6","-","0.5","-","1","1.2","-","0.2","0","0.3","6.1","1.5","17.7"
"453","Pharaoh Brown","TE","MIA","2.2","3.9","4.6","-","-","3.1","0","0","-","2.3","0","-","1.6","-","-","-","-","-","2","17.7"
"453","Benny Snell Jr.","RB","FA","0","-","-","0","-","-","0","-","-","0","-","13.3","4","0.4","-","0","-","0","2","17.7"
"456","Ko Kieft","TE","TB","0","0","0","2.4","0","0","2.3","1.4","1.1","-","BYE","7","1.7","1.6","0","0","0","-","1.2","17.5"
"457","Bryce Perkins","QB","FA","-","-","-","-","-","-","-","-","-","0.3","6.5","10.4","0.5","-","-","-0.2","-","-","3.5","17.4"
"457","Jeff Smith","WR","FA","-","2.2","-","0","1.6","-","0","2.8","1.1","-","-","-","-","-","9.7","-","-","-","2.5","17.4"
"459","Kenny Golladay","WR","FA","3.2","0","0","0","-","-","-","-","-","0","3.9","-","-","-","-","-","-","10","2.4","17.1"
"460","Anthony Schwartz","WR","FA","4.4","-","-","-","0","0","-","-","-","0.8","0","11.3","0.3","-","-","-","-","-","2.4","16.8"
"461","Jeff Driskel","QB","FA","0.5","1","-","-","-","-","-","-","-","-","-","-","-","9.1","1.1","2.7","1.1","1.2","2.4","16.7"
"461","Samori Toure","WR","CHI","-","-","-","-","-","-","0.9","10.2","4.4","-","-","-","1.2","BYE","-","-","-","-","4.2","16.7"
"463","Quintin Morris","TE","JAC","-","1.1","3.2","0","3.4","0","-","-","-","-","BYE","0.8","-","-","7.9","0","-","0","1.8","16.4"
"464","David Sills","WR","ATL","-","5.2","3","1","2.2","1.3","2.4","1","-","-","-","-","-","BYE","-","-","-","-","2.3","16.1"
"465","Zander Horvath","RB","FA","7.8","6.6","0","0","0.3","0.5","-","-","-","0.6","0.3","-","-","-","-","-","-","-","2","16.1"
"466","Keaontay Ingram","RB","KC","-","-","-","-","-","0.7","10.7","0","0.2","0.5","1.9","0.5","-","0.1","0","0.2","-","1.3","1.5","16.1"
"467","Chris Myarick","TE","FA","6.6","0","1.1","-","0.9","-","3.1","1.5","-","0","-","2.8","0","0","-","-","-","-","1.6","16"
"468","Royce Freeman","RB","FA","-","-","-","-","-","-","-","-","-","-","-","0","-","-","6.1","4.3","5.4","0.2","3.2","16"
"469","Ronald Jones II","RB","FA","-","-","-","-","-","-","-","-","-","-","-","3.9","-","-","0.6","0.4","0.3","10.5","3.1","15.7"
"470","T.Y. Hilton","WR","FA","-","-","-","-","-","-","-","-","-","-","-","-","-","-","-","5.7","7","2.9","5.2","15.6"
"471","Taylor Bertolet","K","FA","-","-","-","-","12","-","3","-","-","0","-","-","-","-","-","-","-","-","5","15"
"472","Jameson Williams","WR","DET","-","-","-","-","-","BYE","-","-","-","-","-","-","0","10.6","0","0","4","0","2.4","14.6"
"473","Patrick Ricard","RB","BAL","1.2","0.5","1.7","3.5","-","0","3","0","1.1","BYE","0.4","2.4","0.5","0.2","0","-","-","-","1.1","14.5"
"473","Anthony Firkser","TE","FA","1.1","-","2.7","0","1.6","-","-","-","-","-","-","2.1","3.4","-","0","2","-","1.6","1.6","14.5"
"475","Brycen Hopkins","TE","FA","-","-","-","-","-","-","-","-","0","1.6","-","1.7","-","1.3","-","7.2","2.6","0","2.1","14.4"
"475","Marcus Johnson","WR","FA","-","-","-","0","5","3.5","0","0.8","-","-","-","-","0","-","0","0","-","5.1","1.6","14.4"
"477","Giovanni Ricci","TE","MIN","0","2.1","2","0","4.2","-","0","0","1.3","0.7","-","-","-","-","-","-","3.7","0","1.3","14"
"478","Michael Bandy","WR","DEN","-","-","-","5.9","0","0.9","0","-","5.1","0","0","0","2","-","-","-","-","-","1.5","13.9"
"479","Salvon Ahmed","RB","IND","-","-","-","-","-","-","-","0.2","0","1.1","-","-","-","0.1","10.3","-","1.3","0.7","2","13.7"
"480","Trace McSorley","QB","FA","2.5","-","-","-","-","-","-","-","-","-","2","-","-","-","2.6","5.1","-","1.5","2.7","13.6"
"481","Trey Lance","QB","LAC","11","2.5","-","-","-","-","-","BYE","-","0","-","-","-","-","-","-","-","-","4.5","13.5"
"482","Parker Hesse","TE","FA","1","1","0","2.7","1.4","-","-","1.4","-","0","-","1.4","2.1","-","0","1.3","-","1.1","1.1","13.4"
"483","Cam Sims","WR","FA","0","0","-","-","1.2","1.1","1.7","2.6","1.7","0","2.2","-","0.3","-","-","0","2.1","0","1","12.9"
"484","Nick Mullens","QB","JAC","-","-","-","-","-","-","-","-","-0.1","-","2.2","-","-","-","-","-","6.3","4.4","3.2","12.8"
"485","Dax Milne","WR","FA","0","1.1","1.7","0","0","1","0.9","0.9","7.1","0","0","-","-","-","0","0","0","0","0.8","12.7"
"486","Jalen Virgil","WR","BUF","-","-","-","-","-","-","BYE","-","-","13.1","-","-2","0","1.4","0","0","-","0","1.8","12.5"
"487","Tyrod Taylor","QB","NYJ","-","0","-","2.4","-","-","-","-","-","BYE","-","-","-","9.9","-","-","-","-","4.1","12.3"
"488","Tre' McKitty","TE","FA","3.9","-","0","0.9","0","0","0","-","-","3.6","-","0","1.3","1","-","1.5","0","0","0.9","12.2"
"489","Phillip Lindsay","RB","FA","-","-","-","-","6.9","4.7","-","-","0.2","-","-","-","-","-","-","-","-","-","3.9","11.8"
"490","Jordan Wilkins","RB","FA","-","-","-","-","-","-","-","-","4.8","1.8","-","-","-","-","-","0.4","4.7","-","2.9","11.7"
"490","Jordan Love","QB","GB","2.6","-","-","-","-","0.3","-","-","-","-","-","8.5","-","BYE","-","-","0.3","-","2.9","11.7"
"492","Armani Rogers","TE","FA","2.8","-","0","-","0","0","4.3","1.8","2.4","0","-","-","-","-","-","-","-","0.2","1.3","11.5"
"493","Chris Evans","RB","FA","-","0","0.9","0","0","0","0","3.1","0","-","-","0","7.3","-","0","-","-","-","1","11.3"
"494","Kevin Harris","RB","FA","-","-","-","-","-","0.5","-","-","-","-","-","-","-0.1","8.6","1.9","0.3","-","-","2.2","11.2"
"494","Brandon Johnson","WR","PIT","-","-","-","-","-","-","-","-","BYE","-","0.7","8","-","0","4.5","-","-","-2","2.2","11.2"
"496","Trevor Siemian","QB","FA","-","-","-","-","-","-","-","0.2","-","-","-","11","-","-","-","-","-","-","5.6","11.2"
"497","John Brown","WR","FA","-","-","-","-","-","-","-","-","-","-","-","-","-","0","-","-","-","10.7","5.4","10.7"
"498","Grant Calcaterra","TE","PHI","-","-","4.5","0","-","-","BYE","-","-","-","0","0.3","2.4","3.4","0","-","-","-","1.5","10.6"
"499","Kene Nwangwu","RB","NYJ","0","0","0","0","0","0","-","0","0","0","1.1","6","-","-","0","-","0","3.4","0.8","10.5"
"500","Dee Eskridge","WR","MIA","0.5","1.1","-","2.1","0","5.4","0.4","0.8","0","0","BYE","-","-","-","-","-","-","-","1.1","10.3"
"500","Kyle Rudolph","TE","FA","-","-","1.7","-","0","-","1.3","0","-","-","-","-","-","-","-","-","-","7.3","2.1","10.3"
"502","Darrynton Evans","RB","BUF","-","-","-","-","-","-","BYE","-","-","-","-","7.2","2.1","-","0.9","-","-","-","3.4","10.2"
"502","Snoop Conner","RB","FA","-","-","-","-","-","-","-","-","-","-","-","1.1","0.6","-","0.3","0.5","7.7","-","2","10.2"
"504","Tristan Vizcaino","K","FA","-","-","-","-","-","-","-","-","-","10","-","-","0","-","-","0","-","-","3.3","10"
"504","Caleb Shudak","K","FA","-","-","-","-","-","-","-","-","-","-","-","10","-","-","-","-","-","-","10","10"
"506","Tyrion Davis-Price","RB","FA","-","3.3","-","-","-","-","0.4","-","-","-","-","-","-","-","-","3","0.5","2.7","2","9.9"
"507","Gunner Olszewski","WR","NYG","0","-0.2","0","0","-","0","0","0","BYE","0.9","4.9","0.9","0.2","1.2","0.8","-","0.6","0.4","0.6","9.7"
"508","Freddie Swain","WR","FA","-","-","-","-","-","-","-","-","-","-","-","-","-","-","1.4","1.6","-","6.4","3.1","9.4"
"508","Andrew Beck","TE","NYJ","6.2","-0.1","-","0","0","1.2","0","-","-","BYE","-","-","-","-","0.1","-","2","0","1","9.4"
"510","Nathan Peterman","QB","FA","-","-","-","-","-","-","-","-","-","-","-","-","-","-","0","0","-","9.3","3.1","9.3"
"511","James Proche II","WR","TEN","0","-","-","-","1.2","BYE","0","3.9","3.2","-","0","0","0.9","-","0","0","0","0","0.8","9.2"
"512","Chris Streveler","QB","FA","-","-","-","-","-","-","-","-","-","-","-","-","-","-","-","9","-","-","9","9"
"512","Jamison Crowder","WR","FA","4.3","2.1","1.4","1.2","-","-","-","-","-","-","-","-","-","-","-","-","-","-","2.3","9"
"512","Blake Bell","TE","FA","-","-","-","-","-","-","-","-","-","-","-","-","-","-","-","-","8.2","0.8","4.5","9"
"515","Tyler Badie","RB","DEN","-","-","-","-","-","-","-","-","BYE","-","-","-","-","-","-","-","-","8.9","8.9","8.9"
"516","Ty Montgomery II","RB","FA","8.8","-","-","-","-","-","-","-","-","-","-","-","-","-","-","-","-","-","8.8","8.8"
"517","Trent Taylor","WR","SF","0","0","0","0","0","-2","0","1","4.2","-","0.6","1.3","-0.3","3.9","0","0","-","0","0.5","8.7"
"517","Ke'Shawn Vaughn","RB","FA","-","-","-","0","-","0","-","-","0.4","1.8","-","1.5","-","-","0","0.6","0","4.4","1","8.7"
"519","Nick Vannett","TE","FA","-","-","1","-","-","-","-","1.3","-","-","-","-","0","1.4","2","0","-","2.8","1.2","8.5"
"520","Chase Daniel","QB","FA","-","0","-","-","-","-","-","-","-","0","-","-","-","-","-","-","1.1","7.4","2.1","8.5"
"521","Kevin White","WR","FA","-","-","-","-","-","0","6.9","0","1.5","0","-","0","-","-","-","-","-","-","1.4","8.4"
"521","Jake Kumerow","WR","FA","-","6","2.4","-","-","-","-","0","0","0","-","-","-","-","-","-","-","-","1.7","8.4"
"523","Deven Thompkins","WR","FA","-","-","-","-","-","-","-","-","-","-","-","-","-","0","2.1","0","0","6.2","1.7","8.3"
"524","Andre Baccellia","WR","ARI","0","2.2","2.3","0","-","-","-","-","-","-","-","1.2","BYE","-","-","-","1.2","1.1","1.1","8"
"525","Tony Jones Jr.","RB","FA","-","3","-","-","-","-","-","-","-","-","-","-","4.2","0.7","-","-","-","-","2.6","7.9"
"526","Jaret Patterson","RB","LAC","-","-","-","-","-","-","-","BYE","-","-","-","-","-","-","-","-","0","7.8","3.9","7.8"
"526","Kyle Philips","WR","LV","7.6","-1","-","0","1.2","BYE","-","-","-","-","-","-","-","-","-","-","-","-","2","7.8"
"528","Tyler Kroft","TE","FA","1.4","0","-","-","-","-","-","1.1","-","-","-","-","1.9","0","3.3","0","-","-","1.1","7.7"
"529","Anthony Brown Jr.","QB","FA","-","-","-","-","-","-","-","-","-","-","-","-","-","0.1","-","-","-","7.4","3.8","7.6"
"530","Ronnie Rivers","RB","LAR","-","-","-","-","-","1.9","BYE","5.6","-","-","-","-","-","-","-","-","-","-","3.8","7.5"
"531","Jalen Guyton","WR","FA","0","-","7.4","-","-","-","-","-","-","-","-","-","-","-","-","-","-","-","3.7","7.4"
"531","Myles Gaskin","RB","FA","-","-","-","-","4.8","-","-","-","-","-","-","2.6","-","-","-","-","-","-","3.7","7.4"
"533","Michael Strachan","WR","WAS","4.6","2.8","-","0","-","0","-","-","-","-","-","-","-","BYE","0","-","0","-","1.2","7.4"
"534","Tyler Mabry","TE","CAR","-","-","-","-","-","-","-","-","-","-","-","-","BYE","-","-","-","7.2","-","7.2","7.2"
"535","Laquon Treadwell","WR","IND","-","-","-","-","-","-","-","-","-","-","-","-","0.6","BYE","-","4.1","2.5","-","2.4","7.2"
"536","Chris Manhertz","TE","NYG","-","-","-","0.5","2.5","0","0","0.4","1.2","-","-","-","0","2.6","-","-","-","-","0.9","7.2"
"537","David Johnson","RB","FA","-","-","-","-","-","-","-","-","-","-","1.2","-","-","-","-0.8","2.9","-","3.8","1.8","7.1"
"538","Zamir White","RB","LV","-","0.2","-","2.4","-0.7","BYE","0.2","-","-0.1","-0.1","-","2.8","0.6","0.9","0.4","-","-","0.4","0.6","7"
"538","Nick Sciba","K","FA","-","-","-","-","-","-","-","7","-","-","-","-","-","-","-","-","-","-","7","7"
"538","Trayveon Williams","RB","FA","-","-","-","-","-","-","-","0","-","-","0.7","4.7","0.3","1.3","0","0","0","0","0.8","7"
"541","Isaiah Spiller","RB","FA","-","-","-","-","-","-","-0.5","-","2.9","0.3","3.2","1","-","-","-","-","-","-","1.4","6.9"
"541","Cody Hollister","WR","FA","2.7","-","-","-","0","-","4.2","0","0","-","-","0","-","-","-","-","-","-","1.2","6.9"
"541","Charlie Kolar","TE","BAL","-","-","-","-","-","-","-","-","-","BYE","-","-","-","-","-","-","-","6.9","6.9","6.9"
"544","Julius Chestnut","RB","TEN","-","-","-","-","-","BYE","-","-","-","-","-","-","1.3","1.8","0","0","3.7","0","1.1","6.8"
"544","Mike Thomas","WR","FA","3","-","-","-","3.8","-","-","0","0","-","0","-","-","-","-","-","-","-","1.4","6.8"
"546","Chris Conley","WR","FA","0","-","-","-","-","-","-","-","0","-","-","-","-","3.2","3.4","-","-","-","1.7","6.6"
"547","Michael Woods II","WR","FA","-","-","-","-","-","2","-","1.1","-","0","-","-","0","-","0.4","1","0","2","0.8","6.5"
"547","Cole Beasley","WR","FA","-","-","2.7","1","-","-","-","-","-","-","-","-","-","-","1.4","1.4","0","-","1.3","6.5"
"549","Spencer Brown","RB","FA","-","-","-","-","-","-","-","2.7","3.6","-","-","-","-","-","-","-","-","-","3.2","6.3"
"550","Luke Farrell","TE","SF","0","-","-","-","-","1.6","-","-","2","-","-","-","0.8","-","-","-","-","1.6","1.2","6"
"550","Dominik Eberle","K","FA","-","-","-","6","-","-","-","-","-","-","-","-","-","-","-","-","-","-","6","6"
"552","Nick Foles","QB","FA","-","-","-","-","-","-","-","-","-","-","-","-","-","-","-","2.7","3","-","2.9","5.8"
"553","Trevon Wesco","TE","FA","-","0","-","2.8","-","-","-","0","2","0","-","0.8","-","-","-","-","0","-","0.8","5.6"
"553","Stephen Sullivan","TE","CAR","-","1.8","0","0","-","0","-","3.8","-","-","-","-","BYE","0","0","0","0","-","0.6","5.6"
"555","Racey McMath","WR","FA","-","-","-","-","-","-","-","-","-","-","-","-","-","0","0.6","-","4.4","0.4","1.4","5.4"
"556","Patrick Taylor Jr.","RB","SF","-","-","-","0","-","-","-","0","BYE","-","0","-","0.6","-","1.5","2.2","1","-","0.8","5.3"
"556","Tylan Wallace","WR","BAL","0","1.4","0","0","1.3","0.9","-","-","-","BYE","0","-","-","-","-","-","-","1.7","0.7","5.3"
"558","Trestan Ebner","RB","FA","0","0","2.3","1.8","-","-","0.8","-0.5","-","-","0.8","-","0","-","0","-","0","0","0.5","5.2"
"559","Blaine Gabbert","QB","FA","-","-","-","-","-","-","-","-","-","-","-","-","-","-","-","-","-","5.2","5.2","5.2"
"560","Anthony McFarland Jr.","RB","FA","-","-","-","-","-","-","-","-","-","-","-","5.1","-","-","-","-","-","-","5.1","5.1"
"561","Dwayne Washington","RB","FA","-","1.8","0","-","0","-","0","1.3","1.9","-","-","0","-","-","-","-","-","-","0.7","5"
"562","Tyler Davis","TE","NE","0.8","0","3.6","0","0.2","-","0","-","-","BYE","-","0","-","-","0","0","0","0","0.4","4.6"
"562","Ryan Griffin","TE","FA","0","2.3","-","-","0.6","0","1","-","-","0","0","-","-","-","0","0.7","0","-","0.5","4.6"
"564","Kendall Blanton","TE","FA","-","-","3.3","1.2","-","-","-","-","-","-","-","-","-","-","-","-","-","-","2.3","4.5"
"564","Tim Jones","WR","MIN","-","-","0","0","-","2.5","1.2","-","-","-","-","0","0.8","-","-","0","-","-","0.6","4.5"
"566","Larry Rountree III","RB","FA","-","-","-","-","-","-","-","-","-","0","-","-","-","-","-","-","3.3","1","1.4","4.3"
"567","Jonathan Ward","RB","FA","0","-","-","-","-","-","-","-","-","-","-","-","-","-","-","0","3.5","0.7","1.1","4.2"
"568","Ben Ellefson","TE","FA","0.7","-","3.4","-","-","-","-","-","-","-","-","-","-","-","-","-","-","-","2.1","4.1"
"569","Simi Fehoko","WR","ARI","2.2","0","1.7","-","-","-","-","-","-","-","-","-","BYE","-","-","-","-","-","1.3","3.9"
"570","D'Ernest Johnson","RB","FA","0","-","-","0","-","1.9","0","1.7","-","0.3","0","-","-","-","0","0","0","-","0.4","3.9"
"571","Jaelon Darden","WR","FA","0.2","0","3","0","0","0","0.6","0","0","0","-","0","0","-","-","-","0","0","0.3","3.8"
"571","Tyrie Cleveland","WR","FA","0","3.8","-","-","0","0","-","-","-","0","-","-","-","-","-","-","-","-","0.8","3.8"
"573","Stone Smartt","TE","NYJ","-","-","-","-","-","-","-","-","-","BYE","1.1","-","1.3","1.3","-","-","-","-","1.2","3.7"
"573","Giovani Bernard","RB","FA","-","0","-","-","-","-","-","-","-","-","-","-","-","-","0","0","-","3.7","0.9","3.7"
"575","Daylen Baldwin","WR","FA","-","-","-","-","-","-","-","-","-","-","-","-","-","-","3.5","-","-","-","3.5","3.5"
"575","Penny Hart","WR","FA","-","-","2","0","-","-","-","-","-","-","-","-","-","-","0.8","0.7","-","-","0.9","3.5"
"575","Jakob Johnson","RB","HOU","0.6","-","0","-","1","BYE","0","-","0","0","0.5","0","-","0.6","0","-","-","0.8","0.3","3.5"
"578","Dareke Young","WR","SEA","0","-","-","-","-","-","-","0","0","-","BYE","-","0","-","0","0","0","3.4","0.4","3.4"
"578","Jesper Horsted","TE","FA","-","-","0","-","3.4","-","-","0","-","-","0","0","-","-","-","-","-","-","0.7","3.4"
"578","Dezmon Patmon","WR","FA","-","3.4","-","-","-","-","-","-","-","-","-","-","-","-","-","-","-","-","3.4","3.4"
"581","Adam Prentice","RB","FA","-","0.7","0","-","-","-","-","-","-","-","-","0","0.2","-","0.8","0.5","1.1","-","0.5","3.3"
"581","Maxx Williams","TE","FA","-","-","-","-","-","-","-","-","-","-","1.2","-","-","-","2.1","0","-","-","1.1","3.3"
"581","Cole Turner","TE","WAS","-","-","-","-","0","3.3","0","-","-","-","0","0","0","BYE","-","0","-","-","0.5","3.3"
"584","Andy Isabella","WR","SF","1.5","-","1.6","-","-","-","-","-","BYE","-","-","-","-","-","-","0","0.1","-","0.8","3.2"
"584","Mike Davis","RB","FA","1.1","0.4","-","-","0.3","-","-","-","1.2","-","0.2","-","-","-","-","-","-","-","0.6","3.2"
"586","Montrell Washington","WR","NYG","0","1.9","0","0.9","0.9","-1.5","0.2","0.6","BYE","0","0","0.3","-0.1","0","0","0","-","-","0.2","3.2"
"587","Cade Johnson","WR","FA","-","-","-","-","-","-","-","-","-","-","-","-","-","-","-","-","0","3.1","1.6","3.1"
"588","Pharoh Cooper","WR","FA","-","-","-","-","-","-","-","-","-","-","-","0","-","0","-","0","0.8","2.3","0.6","3.1"
"589","Bryan Edwards","WR","FA","0","0.7","-","-","1.5","-","-","0.8","-","-","-","-","-","-","-","-","-","-","0.8","3"
"589","Josh Lambo","K","FA","-","-","-","-","-","-","-","-","-","-","3","-","-","-","-","-","-","-","3","3"
"589","Lil'Jordan Humphrey","WR","NYG","0","1.6","0","1.4","0","-","-","-","BYE","-","-","-","-","-","-","-","-","-","0.6","3"
"592","Keith Kirkwood","WR","BAL","-","-","-","-","0.9","1.9","-","-","-","BYE","-","-","-","-","-","0","-","-","0.9","2.8"
"592","Michael Burton","RB","DEN","0","1.3","0.2","-","-","0","0","-","1.4","-0.1","0","-","0","0","0","-","0","-","0.2","2.8"
"594","DJ Turner","WR","FA","-","-","-","-","-","-","2","0","0","0","0","-","-","0.6","-","-","-","-","0.4","2.6"
"594","Dennis Houston","WR","TB","2.6","0","-","-","-","-","-","-","-","-","BYE","-","-","-","-","-","-","-","1.3","2.6"
"596","Quintez Cephus","WR","FA","-","0","0","2.5","-","-","-","-","-","-","-","-","-","-","-","-","-","-","0.8","2.5"
"597","Stephen Anderson","TE","FA","0","0.7","0","0","-","-","0","-","-","0","0","-","-","1.7","-","0","-","-","0.3","2.4"
"597","Nsimba Webster","WR","FA","-","-","-","-","-","-","-","-","-","-","-","-","-","-","2.4","-","-","-","2.4","2.4"
"597","Danny Gray","WR","PHI","-","0","0","-","0","-","0","-","-","-","-","-","-","1.5","0","0","0.9","-","0.3","2.4"
"600","Austin Trammell","WR","JAC","-","-","-","-","-","-","-","-","-","-","BYE","-","1.3","1","-","-","-","-","1.2","2.3"
"601","Juwann Winfree","WR","FA","2.2","-","0","-","-","0","-","-","-","-","-","-","-","-","-","-","-","-","0.7","2.2"
"601","Jalen Tolbert","WR","DAL","-","-","0.9","-","-","-","-","-","BYE","0","1.3","-","-","-","-","-","-","-","0.7","2.2"
"601","J.J. Taylor","RB","HOU","-","-","-","-","-","BYE","-","-","2.2","-","-","-","-","-","-","-","-","-","2.2","2.2"
"604","Miles Boykin","WR","CHI","0","0","0","0","1.6","0","-","0","-","-","-","-","-","0","0.5","-","0","0","0.2","2.1"
"604","Sean McKeon","TE","IND","-","-","-","-","-","1.5","-","-","-","0.6","-","-","0","BYE","-","-","-","-","0.7","2.1"
"606","Ty Chandler","RB","MIN","-","-","-","-","0","-","BYE","-","-","-","-","-","-","-","-","-","-","2","1","2"
"606","Frank Darby","WR","FA","-","-","-","-","-","-","-","-","-","-","-","-","-","-","-","-","-","2","2","2"
"608","Trey Sermon","RB","PIT","-","-","-","1.9","-","-","-","-","BYE","-","-","-","-","-","-","-","-","-","1.9","1.9"
"609","Mason Schreck","TE","FA","-","-","-","0.5","1.1","-","-","-","-","-","-","-","-","-","-","-","-","-","0.8","1.6"
"610","Keith Smith","RB","FA","-","-","-","0","0","1.5","-","0","0","0","-","-","0","-","-","0","0","0","0.2","1.5"
"610","Devin Asiasi","TE","FA","-","-","-","0","-","0","-","-","0","-","0","-","-","-","-","1.5","-","-","0.3","1.5"
"612","Brian Hoyer","QB","FA","-","-","-","1.5","-","-","-","-","-","-","-","-","-","-","-","-","-","-","1.5","1.5"
"613","Demetric Felton Jr.","RB","WAS","0","0.4","-","-","-","-","-","0","-","-","-","-","0","0","1","-","-","-","0.2","1.4"
"613","Damarea Crockett","RB","FA","-","-","-","-","-","-","-","-","-","1.4","-","-","-","-","-","-","-","-","1.4","1.4"
"615","Jacob Eason","QB","FA","-","-","-","-","-","1.4","-","-","-","-","-","-","-","-","-","-","-","-","1.4","1.4"
"616","Tyron Billy-Johnson","WR","FA","-","-","-","0","-","-","-","-","1.3","-","-","-","-","-","-","-","-","-","0.7","1.3"
"616","Jeremy Ruckert","TE","NYJ","-","0","-","0","-","-","-","-","-","BYE","-","-","-","-","-","-","-","1.3","0.4","1.3"
"618","Godwin Igwebuike","RB","FA","-","-","-","-","-","-","-","-","-","-","-","-","-","0","0","0","1.2","0","0.2","1.2"
"618","Devine Ozigbo","RB","FA","-","-","-","-","0.2","-","-","-","-","-","-","0.8","-","-","0.2","-","-","-","0.4","1.2"
"618","Tommy Sweeney","TE","FA","-","-","-","-","-","1.2","-","-","-","-","-","-","0","-","-","-","-","-","0.6","1.2"
"618","Jerome Ford","RB","CLE","0","0","0","0","-","-","-","-","BYE","0","0","0","0.3","0","0","0","0.9","0","0.1","1.2"
"618","Maurice Alexander","WR","CHI","-","-","-","0","0","-","-","1.2","-","-","-","-","-","BYE","-","-","-","-","0.4","1.2"
"618","Jalen Camp","WR","FA","-","-","-","-","-","-","-","-","1.2","-","-","-","-","-","-","-","-","-","1.2","1.2"
"624","Jacob Harris","TE","FA","-","0","0","-","-","-","-","-","-","-","0","1.1","-","-","-","-","-","-","0.3","1.1"
"624","C.J. Board","WR","FA","-","-","-","-","-","-","-","-","-","0","0","0","1.1","-","-","-","-","-","0.3","1.1"
"626","Troy Hairston II","RB","CLE","1","-","-","-","-","-","-","-","BYE","-","-","-","-","-","-","-","-","-","1","1"
"626","Ty'Son Williams","RB","FA","-","-","-","-","-","-","-","-","-","-","-","-","-","-","-","-","-","1","1","1"
"626","Jason Moore Jr.","WR","FA","-","-","-","-","-","-","1","-","-","-","-","-","-","-","-","-","-","-","1","1"
"629","Kyle Trask","QB","TB","-","-","-","-","-","-","-","-","-","-","BYE","-","-","-","-","-","-","0.9","0.9","0.9"
"629","Richard Rodgers","TE","FA","0","-","0","-","-","-","-","-","0","0.9","-","-","-","-","-","-","-","-","0.2","0.9"
"631","Reggie Bonnafon","RB","FA","-","-","-","-","-","-","-","-","-","-","-","-","-","-","-","-","-","0.8","0.8","0.8"
"631","Erik Ezukanma","WR","MIA","-","-","-","-","-","-","-","-","-","-","BYE","-","-","-","-","-","-","0.8","0.8","0.8"
"631","Mason Kinsey","WR","TEN","-","-","-","-","-","BYE","0.8","-","-","-","-","-","-","-","0","-","-","-","0.4","0.8"
"634","Drew Sample","TE","CIN","0.7","0.1","-","-","-","-","-","-","-","BYE","-","-","-","-","-","-","-","-","0.4","0.8"
"635","Brandon Allen","QB","TEN","-","-","-","-","-","BYE","-","-","0.8","-","-","-","-","-","-","-","-","-","0.8","0.8"
"636","Kylin Hill","RB","FA","-","-","-","-","-","-","-","-","0.7","-","-","-","-","-","-","-","-","-","0.7","0.7"
"636","Cody White","WR","SEA","-","-","-","-","-","-","-","-","-","-","BYE","0.7","-","-","-","-","-","-","0.7","0.7"
"636","Braylon Sanders","WR","FA","-","-","-","-","-","-","-","0.7","-","-","-","-","-","-","0","-","-","-","0.4","0.7"
"636","Josh Johnson","QB","WAS","-","-","-","-","-","-","-","-","-","-","-","-","-","0.7","-","-","-","-","0.7","0.7"
"640","Keke Coutee","WR","FA","-","0","-","-","-","0","-","0","0","0.5","0","-","-","-","-","-","-","0","0.1","0.5"
"641","Duke Johnson Jr.","RB","FA","-","-","-","-","-","-","-","-","-","0.4","-","-","-","-","-","-","-","-","0.4","0.4"
"642","Case Keenum","QB","CHI","-","0.2","-","-","0.1","-","-","-","-","-","-","-","-","BYE","-","-","-","-","0.2","0.3"
"643","Deonte Harty","WR","FA","0.9","1.4","-","-2","0","-","-","-","-","-","-","-","-","-","-","-","-","-","0.1","0.3"
"644","Damien Williams","RB","FA","0.2","-","-","-","-","-","-","-","-","-","-","-","-","-","-","-","-","-","0.2","0.2"
"645","Jordan Howard","RB","FA","-","-","-","-","-","-","-","-","-","0.1","-","-","-","-","-","-","-","-","0.1","0.1"
"646","Emeka Emezie","WR","FA","-","-","-","-","-","-","-","-","-","-","-","-","-","-","0","-","-","-","0","0"
"646","Kenjon Barner","RB","FA","-","-","-","0","-","-","-","-","-","-","-","-","-","-","-","-","-","-","0","0"
"646","Jake Funk","RB","FA","-","-","-","0","-","-","-","-","-","-","-","-","-","-","-","-","-","-","0","0"
"646","Davis Cheek","QB","FA","-","-","-","-","-","-","-","-","-","-","-","-","-","-","0","-","-","-","0","0"
"646","Ramiz Ahmed","K","FA","-","-","-","-","-","-","-","-","-","0","-","-","-","-","-","-","-","-","0","0"
"646","Cethan Carter","TE","FA","0","-","-","-","-","-","-","-","-","-","-","-","-","-","-","-","-","-","0","0"
"646","James Washington","WR","FA","-","-","-","-","-","-","-","-","-","-","-","-","-","0","-","-","-","-","0","0"
"646","Noah Togiai","TE","FA","0","-","-","-","-","-","-","-","-","-","-","-","-","-","-","-","-","-","0","0"
"646","Cody Thompson","WR","TB","-","-","0","-","-","-","-","-","-","-","BYE","-","-","-","-","-","-","-","0","0"
"646","Logan Woodside","QB","FA","-","-","-","-","-","-","-","0","-","-","-","-","-","-","-","-","-","-","0","0"
"646","Hunter Long","TE","JAC","-","-","0","-","-","0","-","0","-","-","BYE","-","-","-","-","-","-","-","0","0"
"646","Austin Allen","TE","FA","-","-","0","0","-","-","-","-","-","-","-","-","-","-","-","-","-","-","0","0"
"646","Justyn Ross","WR","FA","-","-","-","-","-","-","0","-","0","-","-","-","-","-","-","-","-","-","0","0"
"646","Jermar Jefferson","RB","TEN","0","-","-","-","-","BYE","-","-","-","-","-","-","-","-","-","-","-","-","0","0"
"646","Bryant Koback","RB","FA","-","-","-","-","-","-","-","-","-","-","-","-","0","-","-","-","0","-","0","0"
"646","Malik Turner","WR","FA","-","-","-","0","0","-","-","-","-","-","-","-","-","-","-","-","-","-","0","0"
"646","Josh Ali","WR","FA","-","-","-","-","-","-","-","-","-","-","-","-","-","-","-","-","-","0","0","0"
"646","Dan Chisena","WR","FA","-","-","-","-","0","-","-","-","0","-","-","-","-","-","-","-","-","-","0","0"
"646","Matt Corral","QB","FA","0","-","-","-","-","-","-","-","-","-","-","-","-","0","-","-","-","-","0","0"
"646","Kevin Rader","TE","FA","-","-","-","-","0","-","0","-","-","0","-","-","0","0","0","-","-","-","0","0"
"646","John Lovett","RB","FA","-","-","-","-","-","0","-","-","-","-","-","-","-","-","-","-","-","-","0","0"
"646","Cullen Gillaspia","RB","FA","-","-","-","-","0","0","-","0","0","-","-","-","-","-","-","-","-","-","0","0"
"646","Quinn Nordin","K","FA","-","-","-","-","0","-","-","-","-","-","0","-","0","-","-","-","-","-","0","0"
"646","J.P. Holtz","TE","FA","-","-","-","0","-","-","-","-","-","-","-","-","-","-","-","-","-","-","0","0"
"646","Marcus Kemp","WR","FA","-","-","-","-","-","-","0","-","0","-","-","-","-","-","-","-","-","-","0","0"
"646","Tay Martin","WR","WAS","-","-","-","-","-","-","-","-","-","-","-","-","-","BYE","-","-","0","-","0","0"
"646","Charlie Woerner","TE","ATL","-","-","-","0","0","0","-","-","-","-","-","0","-","0","-","-","-","-","0","0"
"646","Kirk Merritt","WR","FA","-","-","-","-","-","-","-","-","-","-","-","-","-","-","-","-","0","-","0","0"
"646","Nikola Kalinic","TE","ATL","-","-","-","-","-","-","-","-","-","-","-","-","-","BYE","-","-","0","-","0","0"
"646","Trenton Cannon","RB","FA","0","-","-","-","-","-","-","-","-","-","-","-","-","-","-","-","0","-","0","0"
"646","Rico Dowdle","RB","CAR","0","0","0","-","-","-","-","-","-","-","-","-","BYE","-","-","-","-","-","0","0"
"646","Qadree Ollison","RB","FA","0","-","-","-","-","-","-","-","-","0","-","-","-","-","-","-","0","-","0","0"
"646","James Winchester","TE","KC","-","-","-","-","-","-","0","BYE","0","-","-","-","-","-","-","-","-","0","0","0"
"646","Miller Forristall","TE","FA","-","-","0","-","-","-","-","-","-","-","-","-","-","-","-","-","-","-","0","0"
"646","Jake Tonges","TE","SF","-","-","0","0","-","-","-","-","BYE","-","-","-","-","-","-","-","-","-","0","0"
"646","Justin Hardee Sr.","WR","FA","0","0","-","0","0","0","0","0","0","-","0","-","-","0","-","0","0","-","0","0"
"646","Stanley Berryhill III","WR","FA","-","-","-","-","-","-","-","-","-","0","-","-","-","-","-","-","-","-","0","0"
"646","Brandin Bryant","RB","FA","-","0","-","0","-","-","-","-","-","-","-","-","-","-","-","-","-","-","0","0"
"646","Josh Gordon","WR","FA","-","0","-","-","-","-","-","-","-","-","-","-","-","-","-","-","-","-","0","0"
"646","Marken Michel","WR","FA","-","-","-","-","-","-","-","-","-","0","-","-","-","-","-","-","-","-","0","0"
"646","Matthew Slater","WR","FA","-","0","-","0","-","-","-","-","0","-","0","-","0","0","-","0","0","0","0","0"
"646","Albert Wilson","WR","FA","-","-","-","-","-","-","-","-","0","-","0","-","0","-","-","-","-","-","0","0"
"646","Trinity Benson","WR","FA","-","-","-","-","-","-","-","-","-","0","-","-","-","-","-","-","-","-","0","0"
"646","Beau Brinkley","TE","FA","-","-","-","-","-","-","-","-","-","0","-","-","0","-","-","-","-","-","0","0"
"646","Ben Mason","RB","FA","-","-","-","-","-","-","-","-","-","-","0","-","-","-","-","-","-","-","0","0"
"646","Brandon Zylstra","WR","FA","-","-","-","-","-","-","-","-","0","-","-","-","-","-","-","-","0","-","0","0"
"646","Sandro Platzgummer","RB","FA","-","-","-","-","-","-","-","-","-","0","-","-","-","-","-","-","-","-","0","0"
"646","Binjimen Victor","WR","FA","-","-","-","-","-","-","-","-","0","-","-","-","-","-","-","-","-","-","0","0"
"646","Tanner Conner","TE","MIA","-","0","0","0","0","0","-","-","-","-","BYE","-","-","-","-","-","-","-","0","0"
"646","Kenny Yeboah","TE","DET","-","0","-","-","-","BYE","-","-","-","-","-","-","-","0","-","0","-","-","0","0"
"646","Rashard Higgins","WR","FA","-","-","-","-","-","-","-","-","0","-","-","-","-","-","-","-","-","-","0","0"
"646","Raleigh Webb","WR","FA","-","0","-","-","-","-","-","-","-","-","-","-","-","0","0","-","-","-","0","0"
"646","Brittain Brown","RB","FA","-","-","-","-","-","-","-","-","-","-","0","-","-","-","-","-","-","-","0","0"
"646","La'Mical Perine","RB","FA","-","-","-","-","-","-","-","-","0","-","-","-","-","-","-","-","-","-","0","0"
"646","Tyree Jackson","TE","WAS","-","-","-","-","-","-","-","-","-","-","0","-","-","BYE","0","-","-","-","0","0"
"646","Britain Covey","WR","LAR","0","0","0","0","0","0","BYE","0","0","0","0","0","0","0","0","0","0","0","0","0"
"646","Lance McCutcheon","WR","PIT","-","-","-","-","-","-","-","-","BYE","-","-","0","-","0","-","0","0","-","0","0"
"646","Alex Erickson","WR","FA","-","-","-","-","-","-","-","-","-","-","-","0","0","-","-","-","-","-","0","0"
"646","Jared Pinkney","TE","FA","-","-","-","-","-","-","-","0","-","0","-","-","-","-","-","-","-","-","0","0"
"646","Alex Bachman","WR","LV","-","-","-","-","-","BYE","-","-","-","-","-","0","-","-","-","-","-","-","0","0"
"646","Nick Boyle","TE","FA","-","-","-","-","-","-","-","-","-","-","-","0","0","-","-","0","-","-","0","0"
"646","C.J. Beathard","QB","FA","-","-","-0.1","-","-","-","-","-","-","-","-","-","0.2","-","-","-0.3","0.2","-","0","0"
"646","Jashaun Corbin","RB","ATL","-","-","-","-","-","-","-","-","-","-","-","0","-","BYE","-","-","-","0","0","0"
"646","Chris Pierce Jr.","TE","FA","-","-","-","-","-","-","-","-","-","-","-","0","-","-","-","-","-","-","0","0"
"646","Stanley Morgan Jr.","WR","FA","0","-","0","0","0","-","-","-","0","-","0","0","0","0","0","-","-","-","0","0"
"646","Khari Blasingame","RB","FA","-","-","0","-","-","0","-","-","-","-","-","0","-","-","0","0","-","-","0","0"
"646","Andre Roberts","WR","FA","0","-","-","-","-","-","-","-","-","-","-","-","-","-","-","-","0","0","0","0"
"646","Quinton Bell","WR","MIA","0","-","-","-","-","0","-","-","-","-","BYE","-","0","-","-","-","-","-","0","0"
"646","Matt Barkley","QB","FA","-","-","-","-","-","-","-","-","-","-","-","0","-","-","-","-","-","-","0","0"
"646","Feleipe Franks","QB","ATL","-","-","0","0","0","-","0","0","-","-","-","-","0","BYE","0","-","-","-","0","0"
"646","Tanner Gentry","WR","FA","-","-","-","-","0","-","-","-","-","-","-","-","-","-","-","-","-","-","0","0"
"717","Ihmir Smith-Marsette","WR","NYG","-","0","-","0","0","-0.1","-","-","BYE","-","-","-","-","-","-","-","-","-","0","-0.1"
"718","Nate Sudfeld","QB","FA","-","-","-","-","-","-","-","-","-","-","-","-","-0.1","-","-","-","-0.3","-","-0.2","-0.4"
"719","Chad Henne","QB","FA","0","-","-","-","-","-","-0.3","-","-","-","-","-","-","-","-","-","-","-0.2","-0.2","-0.5"
"720","Tim Boyle","QB","TEN","-","-","-","-","-","BYE","-","-","-","-","-","-","-","-","-","-","-","-0.9","-0.9","-0.9"
"721","KaVontae Turpin","WR","DAL","0","0.3","0","0","0","0","0.3","1.1","BYE","1.4","0","0","0","-2","0","0","0","-2","-0.1","-0.9"
"722","Chester Rogers","WR","FA","-","-","0","-","0","-2","-","-","-","-","-","-","-","-","-","-","-","-","-0.7","-2"
"722","Taiwan Jones","RB","FA","0","0","-","-","0","-","-","-","-","-","-","-","-","0","0","0","-","-2","-0.3","-2"
""
""